tSec,x,y,z,vx,vy,vz,
0,-1049836.53140614,-4275236.47811528,-6337381.51549226,5944.44654618582,2819.96862017239,-2885.42106463156,
10,-990347.503400983,-4246852.23606553,-6365960.52040821,5953.27322055433,2856.83867962556,-2830.33887326232,
20,-930772.784876689,-4218100.53198299,-6393987.48000848,5961.5845319011,2893.46050174008,-2775.01279784792,
30,-871117.532933406,-4188983.86395433,-6421459.9793761,5969.37979358335,2929.83094750745,-2719.44762636333,
40,-811386.911317376,-4159504.76134642,-6448375.65157154,5976.65836302932,2965.94689994119,-2663.64816625217,
50,-751586.089980093,-4129665.78458489,-6474732.17782537,5983.419641764,3001.80526431134,-2607.61924402832,
60,-691720.244637217,-4099469.5249304,-6500527.28772699,5989.66307543385,3037.40296837758,-2551.36570487822,
70,-631794.556327235,-4068918.60425263,-6525758.7594094,5995.38815383033,3072.73696262124,-2494.8924122634,
80,-571814.210969902,-4038015.67480185,-6550424.4197299,6000.59441091236,3107.80422047662,-2438.2042475229,
90,-511784.398924456,-4006763.41897827,-6574522.14444693,6005.28142482761,3142.60173856179,-2381.30610947487,
100,-451710.314547633,-3975164.54909903,-6598049.85839285,6009.44881793221,3177.12653690909,-2324.20291401733,
110,-391597.155751487,-3943221.80716294,-6621005.5356427,6013.09625680889,3211.3756591953,-2266.89959372729,
120,-331450.123561048,-3910937.96461284,-6643387.19967903,6016.22345228285,3245.34617297164,-2209.40109745817,
130,-271274.421671821,-3878315.82209573,-6665192.92355263,6018.83015943527,3279.03516989335,-2151.71238993517,
140,-211075.256007175,-3845358.20922059,-6686420.83003918,6020.91617761387,3312.43976594881,-2093.83845134839,
150,-150857.834275637,-3812067.98431389,-6707069.09179191,6022.4813504403,3345.55710168795,-2035.78427694364,
160,-90627.3655281315,-3778448.03417286,-6727135.93149005,6023.52556581378,3378.38434244973,-1977.55487661104,
170,-30389.0597152016,-3744501.27381645,-6746619.62198324,6024.04875591095,3410.91867858838,-1919.1552744712,
180,29851.8727557472,-3710230.64623402,-6765518.48643174,6024.05089718152,3443.15732569812,-1860.59050845945,
190,90090.2214631371,-3675639.12213191,-6783830.89844252,6023.53201033962,3475.09752483608,-1801.86562990802,
200,150320.776413801,-3640729.69967762,-6801555.28220108,6022.49216035074,3506.73654274308,-1742.98570312647,
210,210538.328485414,-3605505.40424191,-6818690.11259915,6020.9314564142,3538.07167206201,-1683.95580498066,
220,270737.669868721,-3569969.28813873,-6835233.91535817,6018.85005194128,3569.10023155364,-1624.78102447046,
230,330913.594509535,-3534124.43036291,-6851185.26714846,6016.24814452892,3599.81956630949,-1565.46646230638,
240,391060.89855044,-3497973.93632585,-6866542.79570424,6013.12597592936,3630.22704796166,-1506.0172304856,
250,451174.380772177,-3461520.93758908,-6881305.17993436,6009.48383201575,3660.32007488959,-1446.43845186747,
260,511248.843034668,-3424768.59159573,-6895471.15002881,6005.32204274403,3690.09607242353,-1386.73525974885,
270,571279.090717633,-3387720.08140003,-6909039.48756097,6000.64098211133,3719.55249304492,-1326.91279743956,
280,631259.933160787,-3350378.61539483,-6922009.02558561,5995.44106811121,3748.68681658372,-1266.97621783802,
290,691186.184102242,-3312747.4270388,-6934378.64873338,5989.72276240763,3777.49655006112,-1206.93068315998,
300,751052.662118786,-3274829.77457871,-6946147.2932998,5983.48657110522,3805.97922891911,-1146.7813640653,
310,810854.191066486,-3236628.94076877,-6957313.94732947,5976.73304390421,3834.13241620902,-1086.53343966923,
320,870585.600517269,-3198148.23259242,-6967877.65069808,5969.46277428051,3861.95370307748,-1026.19209699091,
330,930241.726196528,-3159390.9809803,-6977837.49518921,5961.67639944214,3889.44070897128,-965.762530523356,
340,989817.41042015,-3120360.54052631,-6987192.624567,5953.3746002688,3916.59108182329,-905.249941811362,
350,1049307.50253091,-3081060.28920183,-6995942.23464451,5944.55810124871,3943.40249823749,-844.659539029225,
360,1108706.85933424,-3041493.62806805,-7004085.57334797,5935.22767041241,3969.8726636734,-783.996536558073,
370,1168010.34553329,-3001663.98098654,-7011621.94077666,5925.38411926321,3995.99931262979,-723.266154562553,
380,1227212.83416332,-2961574.79432792,-7018550.68925867,5915.0283027041,4021.78020882774,-662.473618566712,
390,1286309.20702529,-2921229.53667872,-7024871.22340236,5904.16111896065,4047.21314539257,-601.624159028941,
400,1345294.35511868,-2880631.69854645,-7030583.00014355,5892.78350949896,4072.29594503402,-540.723010915841,
410,1404163.1790735,-2839784.79206286,-7035685.52878851,5880.89645894238,4097.02646022676,-479.775413275384,
420,1462910.5895814,-2798692.35068538,-7040178.37105261,5868.50099497898,4121.40257338557,-418.786608808684,
430,1521531.50782582,-2757357.92889686,-7044061.1410947,5855.5981882675,4145.42219703992,-357.7618434413,
440,1580020.86591127,-2715785.10190359,-7047333.50554724,5842.18915233793,4169.08327400482,-296.706365893908,
450,1638373.60729144,-2673977.46533157,-7049995.18354205,5828.27504348772,4192.38377754808,-235.62542725271,
460,1696584.68719641,-2631938.63492118,-7052045.94673189,5813.85706067362,4215.32171155353,-174.524280539937,
470,1754649.07305866,-2589672.2462202,-7053485.61930759,5798.93644539965,4237.89511067973,-113.408180284813,
480,1812561.74493796,-2547181.95427534,-7054314.07801106,5783.5144816015,4260.1020405143,-52.2823820953929,
490,1870317.69594509,-2504471.43332214,-7054531.2521439,5767.59249552785,4281.94059772354,8.84785776837019,
500,1927911.93266439,-2461544.37647347,-7054137.12357176,5751.1718556192,4303.40891019751,69.9772828200255,
510,1985339.47557506,-2418404.49540662,-7053131.72672457,5734.25397238452,4324.50513719094,131.100636770266,
520,2042595.35947119,-2375055.52004892,-7051515.14859238,5716.84029827644,4345.22746946024,192.212663948721,
530,2099674.63388061,-2331501.19826206,-7049287.5287171,5698.9323275652,4365.57412939712,253.308109723924,
540,2156572.3634824,-2287745.2955251,-7046449.05918003,5680.53159621163,4385.54337115942,314.381720921627,
550,2213283.62852318,-2243791.59461616,-7042999.98458518,5661.63968173944,4405.13348079967,375.428246241737,
560,2269803.52523207,-2199643.89529284,-7038940.60203845,5642.2582031065,4424.34277639188,436.442436674232,
570,2326127.16623441,-2155306.01397134,-7034271.26112268,5622.3888205752,4443.16960815706,497.419045914443,
580,2382249.68096414,-2110781.78340441,-7028992.36386848,5602.03323558129,4461.61235858765,558.352830778092,
590,2438166.21607487,-2066075.05235802,-7023104.36472098,5581.19319060095,4479.66944257103,619.238551616359,
600,2493871.93584961,-2021189.68528676,-7016607.77050238,5559.87046901553,4497.33930751212,680.07097273121,
610,2549362.02260914,-1976129.56200808,-7009503.1403704,5538.06689497358,4514.62043345492,740.844862791011,
620,2604631.67711897,-1930898.5773753,-7001791.08577249,5515.78433324975,4531.51133320271,801.554995246391,
630,2659676.1189949,-1885500.6409494,-6993472.27039595,5493.02468910044,4548.01055243673,862.196148746184,
640,2714490.58710707,-1839939.6766697,-6984547.41011388,5469.78990811593,4564.11666983295,922.763107553178,
650,2769070.33998256,-1794219.62252328,-6975017.27292694,5446.08197606914,4579.8282971768,983.25066195942,
660,2823410.65620648,-1748344.43021335,-6964882.678901,5421.90291876107,4595.14407947563,1043.65360870079,
670,2877506.83482141,-1702318.0648265,-6954144.50010063,5397.25480186317,4610.06269506877,1103.96675137059,
680,2931354.19572532,-1656144.50449879,-6942803.66051847,5372.13973075684,4624.5828557351,1164.18490083202,
690,2984948.0800679,-1609827.74008088,-6930861.13600044,5346.55985037038,4638.70330679828,1224.30287562929,
700,3038283.85064514,-1563371.77480202,-6918317.95416693,5320.51734501361,4652.42282722946,1284.3155023975,
710,3091356.89229235,-1516780.62393309,-6905175.1943298,5294.01443821037,4665.74022974774,1344.217616271,
720,3144162.61227544,-1470058.31444866,-6891433.98740539,5267.05339252931,4678.65436091825,1404.00406129052,
730,3196696.44068052,-1423208.88468798,-6877095.5158234,5239.63650941295,4691.16410124819,1463.66969080892,
740,3248953.83080178,-1376236.38401515,-6862161.01343177,5211.76612900547,4703.26836528073,1523.20936789569,
750,3300930.25952763,-1329144.87247825,-6846631.76539746,5183.44462997933,4714.96610168711,1582.61796574047,
760,3352621.22772515,-1281938.42046767,-6830509.10810327,5154.6744293609,4726.25629335687,1641.89036805552,
770,3404022.26062267,-1234621.1083734,-6813794.42904059,5125.4579823554,4737.13795748681,1701.02146947763,
780,3455128.90819079,-1187197.02624159,-6796489.16669812,5095.79778217121,4747.61014566849,1760.0061759697,
790,3505936.74552143,-1139670.27343013,-6778594.81044667,5065.69635984348,4757.67194397492,1818.83940522231,
800,3556441.3732053,-1092044.9582634,-6760112.9004198,5035.15628405722,4767.32247304638,1877.51608705589,
810,3606638.41770743,-1044325.1976862,-6741045.02739054,5004.18016096938,4776.56088817589,1936.03116382386,
820,3656523.53174106,-996515.116916784,-6721392.83264405,4972.77063402987,4785.38637939431,1994.37959081722,
830,3706092.39463962,-948618.849099049,-6701158.00784619,4940.93038380077,4793.79817155527,2052.55633667122,
840,3755340.71272699,-900640.534953887,-6680342.29490804,4908.66212777351,4801.79552441996,2110.55638377436,
850,3804264.21968582,-852584.322429691,-6658947.48584632,4875.96862018296,4809.3777327416,2168.37472868013,
860,3852858.67692403,-804454.366352008,-6636975.42263965,4842.85265181807,4816.54412634949,2226.00638252178,
870,3901119.87393941,-756254.828072367,-6614427.99708071,4809.31704982804,4823.29407023211,2283.44637143012,
880,3949043.62868222,-707989.875116276,-6591307.15062409,4775.36467752352,4829.62696461898,2340.68973695427,
890,3996625.78791576,-659663.680830405,-6567614.87423007,4740.99843417201,4835.54224506061,2397.73153648523,
900,4043862.22757493,-611280.424028993,-6543353.20820402,4706.22125478699,4841.03938250594,2454.56684368176,
910,4090748.8531226,-562844.288639485,-6518524.2420316,4671.03610991048,4846.11788337657,2511.19074889798,
920,4137281.59990376,-514359.463347452,-6493130.11420968,4635.44600538864,4850.77728963715,2567.59835961204,
930,4183456.43349742,-465830.141240826,-6467173.01207293,4599.45398214051,4855.01717886138,2623.78480085499,
940,4229269.35006615,-417260.519453503,-6440655.17161616,4563.06311592017,4858.83716429293,2679.74521563899,
950,4274716.37670325,-368654.798808354,-6413578.87731237,4526.27651707263,4862.23689490122,2735.4747653839,
960,4319793.57177735,-320017.183459718,-6385946.46192658,4489.09733028409,4865.21605543162,2790.96863034159,
970,4364497.02527461,-271351.880535412,-6357760.30632534,4451.52873432734,4867.77436645016,2846.22201001706,
980,4408822.85913827,-222663.099778322,-6329022.83928216,4413.57394180317,4869.91158438291,2901.23012358612,
990,4452767.22760564,-173955.05318763,-6299736.53727871,4375.23619887845,4871.62750155036,2955.98821030899,
1000,4496326.3175424,-125231.954659712,-6269903.92430194,4336.51878502188,4872.92194619718,3010.49152994005,
1010,4539496.34877434,-76498.0196287701,-6239527.57163707,4297.42501273795,4873.79478251787,3064.73536313357,
1020,4582273.57441637,-27757.4647072192,-6208610.09765662,4257.95822729966,4874.24591067882,3118.71501184576,
1030,4624654.28119882,20985.4926741304,-6177154.16760536,4218.12180648045,4874.27526683728,3172.42579973355,
1040,4666634.78979117,69726.6346260642,-6145162.49338135,4177.91916028545,4873.88282315777,3225.86307255053,
1050,4708211.45512298,118461.743161108,-6112637.83331298,4137.35373068217,4873.06858782613,3279.02219854046,
1060,4749380.66670216,167186.600553806,-6079582.99193213,4096.42899133044,4871.83260506176,3331.89856882892,
1070,4790138.84893057,215896.989701107,-6046000.81974338,4055.14844731153,4870.17495512813,3384.48759781344,
1080,4830482.46141684,264588.694482853,-6011894.21298935,4013.51563485601,4868.09575434173,3436.78472355244,
1090,4870407.99928652,313257.500122348,-5977266.11341217,3971.53412107015,4865.59515507948,3488.7854081534,
1100,4909911.99348946,361899.193546993,-5942119.50801102,3929.20750366045,4862.67334578474,3540.48513816023,
1110,4948991.01110441,410509.563748973,-5906457.42879586,3886.53941065597,4859.33055097161,3591.87942494015,
1120,4987641.65564086,459084.402145981,-5870282.95253723,3843.53350012815,4855.56703122767,3642.96380506996,
1130,5025860.56733806,507619.502941955,-5833599.20051227,3800.19345990794,4851.38308321471,3693.73384072187,
1140,5063644.42346115,556110.663487819,-5796409.3382468,3756.52300729986,4846.77903966753,3744.18512004854,
1150,5100989.93859452,604553.684642198,-5758716.57525363,3712.52588879308,4841.75526939039,3794.31325756751,
1160,5137893.86493211,652944.37113208,-5720524.16476694,3668.20587976927,4836.31217725105,3844.11389454466,
1170,5174352.99256496,701278.531913416,-5681835.40347294,3623.56678420734,4830.45020417225,3893.58269937661,
1180,5210364.14976561,749551.980531612,-5642653.63123663,3578.61243438503,4824.16982712032,3942.71536797196,
1190,5245924.20326964,797760.535481897,-5602982.23082477,3533.34669057746,4817.47155909107,3991.50762413117,
1200,5281030.05855406,845900.020569537,-5562824.62762508,3487.77344075279,4810.35594909275,4039.95521992501,
1210,5315678.66011281,893966.265269861,-5522184.28936165,3441.89660026507,4802.8235821261,4088.05393607143,
1220,5349866.99172895,941955.105088072,-5481064.7258066,3395.72011154427,4794.87507916159,4135.7995823109,
1230,5383592.07674395,989862.381918824,-5439469.48848797,3349.24794378378,4786.51109711376,4183.18799778022,
1240,5416850.97832373,1037683.94440552,-5397402.17039389,3302.48409262529,4777.73232881291,4230.21505138461,
1250,5449640.79972151,1085415.64829931,-5354866.40567307,3255.432579841,4768.53950297402,4276.87664216843,
1260,5481958.68453757,1133053.35681778,-5311865.86933151,3208.09745301345,4758.93338416305,4323.16869968436,
1270,5513801.81697573,1180592.94100329,-5268404.27692565,3160.48278521251,4748.91477276064,4369.08718436115,
1280,5545167.42209659,1228030.2800809,-5224485.3842517,3112.59267466988,4738.48450492318,4414.62808787007,
1290,5576052.76606749,1275361.26181597,-5180112.98703143,3064.43124445069,4727.64345254128,4459.78743349017,
1300,5606455.15640922,1322581.78287122,-5135290.92059428,3016.00264212232,4716.39252319551,4504.56127647227,
1310,5636371.94223937,1369687.74916346,-5090023.05955579,2967.31103942021,4704.73266010932,4548.94570440185,
1320,5665800.51451232,1416675.07621971,-5044313.31749248,2918.36063191053,4692.66484209906,4592.93683756087,
1330,5694738.30625584,1463539.68953294,-4998165.64661306,2869.15563864974,4680.19008352083,4636.53082928835,
1340,5723182.79280429,1510277.5249171,-4951584.03742605,2819.70030184072,4667.30943421406,4679.72386633986,
1350,5751131.49202834,1556884.52886173,-4904572.51840387,2769.99888648569,4654.02397944149,4722.51216924557,
1360,5778581.96456123,1603356.65888586,-4857135.15564325,2720.05568003567,4640.33483982558,4764.89199266683,
1370,5805531.81402148,1649689.88389124,-4809276.0525222,2669.87499203664,4626.24317128104,4806.85962575111,
1380,5831978.68723204,1695880.18451493,-4760999.34935331,2619.46115377238,4611.75016494345,4848.41139248498,
1390,5857920.27443591,1741923.55348117,-4712309.22303369,2568.81851790414,4596.85704709403,4889.54365204492,
1400,5883354.30950806,1787815.99595238,-4663209.88669126,2517.95145810719,4581.5650790805,4930.25279914585,
1410,5908278.57016378,1833553.52987946,-4613705.58932766,2466.86436870431,4565.87555723424,4970.5352643872,
1420,5932690.87816326,1879132.18635118,-4563800.61545769,2415.56166429635,4549.78981278376,5010.38751459627,
1430,5956589.09951254,1924548.00994272,-4513499.28474529,2364.04777938983,4533.30921176479,5049.80605316897,
1440,5979971.14466072,1969797.05906324,-4462805.95163623,2312.32716802157,4516.4351549269,5088.78742040783,
1450,6002834.96869331,2014875.40630258,-4411725.00498728,2260.40430338041,4499.16907763691,5127.32819385722,
1460,6025178.57152191,2059779.13877693,-4360260.86769219,2208.28367742576,4481.51244977895,5165.42498863578,
1470,6046999.99806993,2104504.35847345,-4308417.9963043,2155.96980050322,4463.46677565132,5203.07445776602,
1480,6068297.3384546,2149047.18259394,-4256200.88065581,2103.467200957,4445.03359385979,5240.27329250097,
1490,6089068.72816492,2193403.74389732,-4203614.04347389,2050.78042473932,4426.21447720759,5277.01822264791,
1500,6109312.34823584,2237570.19104107,-4150662.03999356,1997.91403501683,4407.01103258158,5313.30601688891,
1510,6129026.42541837,2281542.68892146,-4097349.45756728,1944.87261177407,4387.42490083488,5349.13348309817,
1520,6148209.23234581,2325317.41901261,-4043680.91527152,1891.66075141427,4367.45775666549,5384.49746865603,
1530,6166859.08769593,2368890.57970435,-3989661.06351013,1838.28306635747,4347.11130849112,5419.39486075945,
1540,6184974.35634906,2412258.38663873,-3935294.58361461,1784.74418463627,4326.38729832006,5453.822586729,
1550,6202553.44954226,2455417.07304528,-3880586.18744136,1731.04874948927,4305.28750161802,5487.77761431206,
1560,6219594.82501928,2498362.89007492,-3825540.61696597,1677.20141895241,4283.81372717113,5521.25695198224,
1570,6236096.98717653,2541092.10713243,-3770162.64387437,1623.2068654484,4261.96781694502,5554.25764923486,
1580,6252058.48720484,2583601.01220757,-3714457.06915125,1569.06977537433,4239.75164594009,5586.77679687836,
1590,6267477.92322718,2625885.91220462,-3658428.72266545,1514.79484868766,4217.16712204311,5618.81152732157,
1600,6282353.94043215,2667943.13327057,-3602082.46275253,1460.38679849087,4194.21618587538,5650.35901485667,
1610,6296685.23120337,2709769.02112163,-3545423.17579455,1405.85035061476,4170.90081063748,5681.41647593797,
1620,6310470.53524466,2751359.94136824,-3488455.77579706,1351.19024320087,4147.22300195106,5711.98116945634,
1630,6323708.6397011,2792712.27983853,-3431185.20396342,1296.41122628293,4123.18479769774,5742.05039700955,
1640,6336398.37927577,2833822.44290002,-3373616.42826632,1241.51806136768,4098.78826785547,5771.62150316873,
1650,6348538.63634248,2874686.85777984,-3315754.44301683,1186.51552101504,4074.03551433254,5800.69187574118,
1660,6360128.34105412,2915301.97288313,-3257604.26843064,1131.40838841764,4048.92867079935,5829.25894603005,
1670,6371166.47144694,2955664.25810984,-3199170.95019188,1076.20145697958,4023.46990251804,5857.32018909128,
1680,6381652.05354051,2995770.20516979,-3140459.55901428,1020.89952989423,3997.66140616981,5884.87312398829,
1690,6391584.16143354,3035616.32789598,-3081475.19019986,965.507419720691,3971.50540967979,5911.91531404485,
1700,6400961.91739535,3075199.16255612,-3022222.96319504,910.02994795847,3945.00417203909,5938.44436709634,
1710,6409784.49195322,3114515.26816243,-2962708.02114429,854.471944620024,3918.15998312354,5964.45793573972,
1720,6418051.1039753,3153561.22677954,-2902935.53044128,798.83824780062,3890.97516350873,5989.95371758186,
1730,6425761.02074931,3192333.64383053,-2842910.6802775,743.133703245171,3863.45206428072,6014.92945548632,
1740,6432913.55805686,3230829.1484011,-2782638.68218854,687.363163911746,3835.59306684216,6039.3829378178,
1750,6439508.08024335,3269044.39354175,-2722124.76959781,631.531489531551,3807.40058271329,6063.31199868409,
1760,6445544.00028355,3306976.05656788,-2661374.19735792,575.6435461653,3778.87705332776,6086.71451817455,
1770,6451020.77984258,3344620.83935796,-2600392.24128971,519.70420575599,3750.02494982302,6109.58842259474,
1780,6455937.92933255,3381975.46864945,-2539184.19771893,463.718345678163,3720.84677282535,6131.93168469652,
1790,6460295.00796458,3419036.69633258,-2477755.38301064,407.690848283821,3691.34505222946,6153.74232390297,
1800,6464091.62379629,3455801.29974197,-2416111.13310138,351.626600445147,3661.52234697297,6175.01840652767,
1810,6467327.43377471,3492266.08194583,-2354256.80302923,295.530493094282,3631.38124480556,6195.75804598788,
1820,6470002.14377456,3528427.87203298,-2292197.76646169,239.407420760397,3600.92436205323,6215.95940301107,
1830,6472115.50863189,3564283.52539736,-2229939.41522164,183.262281104362,3570.15434337762,6235.62068583443,
1840,6473667.33217308,3599829.9240202,-2167487.15881119,127.099974451391,3539.07386153057,6254.74015039686,
1850,6474657.46723913,3635063.97674964,-2104846.42393383,70.9254033220887,3507.68561710414,6273.31610052314,
1860,6475085.81570528,3669982.61957791,-2042022.65401459,14.7434719624327,3475.99233827638,6291.34688809978,
1870,6474952.32849586,3704582.81591584,-1979021.30871865,-41.4409141267268,3443.99678055294,6308.83091324238,
1880,6474257.00559456,3738861.55686491,-1915847.86346824,-97.6228486599913,3411.70172650524,6325.76662445428,
1890,6472999.89604987,3772815.86148649,-1852507.80895794,-153.797425036886,3379.10998550536,6342.15251877644,
1900,6471181.09797591,3806442.7770686,-1789006.6506687,-209.959736809807,3346.22439345826,6357.98714192868,
1910,6468800.75854857,3839739.37938984,-1725349.90838027,-266.104878149814,3313.04781253192,6373.26908844256,
1920,6465859.07399701,3872702.77298065,-1661543.11568253,-322.227944309731,3279.58313088584,6387.99700178631,
1930,6462356.28959055,3905330.09138192,-1597591.8194855,-378.324032084132,3245.83326239845,6402.1695744824,
1940,6458292.69962091,3937618.49740077,-1533501.57952822,-434.388240265934,3211.80114639385,6415.78554821847,
1950,6453668.64738004,3969565.18336363,-1469277.96788662,-490.415670099458,3177.48974736825,6428.84371395225,
1960,6448484.52513331,4001167.37136664,-1404926.56848026,-546.401425729985,3142.90205471628,6441.34291201128,
1970,6442740.77408823,4032422.31352323,-1340452.97657818,-602.340614649952,3108.04108245743,6453.28203218825,
1980,6436437.88435887,4063327.292209,-1275862.79830378,-658.228348142042,3072.90986896254,6464.66001383231,
1990,6429576.39492563,4093879.62030388,-1211161.65013885,-714.059741719503,3037.51147668024,6475.47584593733,
2000,6422156.89359082,4124076.64143154,-1146355.15842662,-769.829915564086,3001.84899186341,6485.72856722719,
2010,6414180.01692978,4153915.73019606,-1081448.95887411,-825.533994962015,2965.92552429517,6495.41726623873,
2020,6405646.45023765,4183394.29241585,-1016448.69605356,-881.167110738437,2929.74420701442,6504.54108140257,
2030,6396556.92747181,4212509.76535484,-951360.022903103,-936.724399690769,2893.30819604049,6513.09920112193,
2040,6386912.23119,4241259.61795093,-886188.600226662,-992.201005021398,2856.62067009668,6521.09086384964,
2050,6376713.19248413,4269641.35104158,-820940.096193068,-1047.59207677015,2819.68483033238,6528.5153581633,
2060,6365960.69090969,4297652.49758673,-755620.185834443,-1102.89277224697,2782.5039000434,6535.37202283867,
2070,6354655.65441095,4325290.62288884,-690234.550543865,-1158.09825646517,2745.08112439028,6541.66024692092,
2080,6342799.0592417,4352553.32481009,-624788.877572323,-1213.20370257567,2707.41977011415,6547.37946979382,
2090,6330391.92988172,4379438.23398682,-559288.859524998,-1268.20429230248,2669.52312524987,6552.52918124622,
2100,6317435.33894886,4405943.01404096,-493740.193856889,-1323.0952163797,2631.39449883613,6557.10892153572,
2110,6303930.40710677,4432065.36178861,-428148.582367825,-1377.87167499019,2593.03722062232,6561.11828144885,
2120,6289878.30296819,4457803.00744571,-362519.730696888,-1432.5288782059,2554.4546407718,6564.55690235738,
2130,6275280.24299383,4483153.71483065,-296859.347816295,-1487.06204642988,2515.65012956149,6567.42447627016,
2140,6260137.49138688,4508115.28156387,-231173.145524797,-1541.46641083975,2476.62707707771,6569.72074587995,
2150,6244451.35998305,4532685.53926445,-165466.837940619,-1595.73721383237,2437.38889290812,6571.44550460485,
2160,6228223.2081361,4556862.35374357,-99746.1409940303,-1649.86970946937,2397.93900582988,6572.59859662374,
2170,6211454.442599,4580643.62519479,-34016.7719195809,-1703.85916392321,2358.28086349405,6573.1799169055,
2180,6194146.51740059,4604027.28838125,31715.5512519134,-1757.70085592327,2318.41793210646,6573.18941123165,
2190,6176300.93371777,4627011.31281955,97445.1102015846,-1811.3900772016,2278.35369610513,6572.62707621219,
2200,6157919.23974325,4649593.7029605,163166.186830848,-1864.92213293781,2238.09165783453,6571.4929592946,
2210,6139003.03054884,4671772.4983665,228873.063769791,-1918.29234220288,2197.63533721699,6569.78715876583,
2220,6119553.94794438,4693545.7738857,294560.024885552,-1971.49603840134,2156.98827142139,6567.50982374736,
2230,6099573.68033213,4714911.63982277,360221.355790608,-2024.52856971157,2116.15401452949,6564.66115418332,
2240,6079063.96255688,4735868.24210636,425851.344350918,-2077.38529952387,2075.1361372002,6561.24140082186,
2250,6058026.57575164,4756413.76245321,491444.281193838,-2130.06160687614,2033.9382263321,6557.25086518977,
2260,6036463.347179,4776546.41852881,556994.460215756,-2182.55288688678,1992.5638847244,6552.68989956071,
2270,6014376.15006816,4796264.46410474,622496.179089374,-2234.85455118479,1951.01673073675,6547.55890691709,
2280,5991766.90344772,4815566.18921256,687943.739770582,-2286.96202833685,1909.30039794813,6541.85834090612,
2290,5968637.57197413,4834449.92029427,753331.449004862,-2338.87076427141,1867.41853481506,6535.58870579006,
2300,5944990.165756,4852914.02034944,818653.618833163,-2390.57622269985,1825.37480432931,6528.75055639125,
2310,5920826.74017418,4870956.88907876,883904.567097215,-2442.07388553471,1783.17288367518,6521.34449803218,
2320,5896149.39569763,4888576.96302433,949078.617944203,-2493.35925330542,1740.81646388652,6513.37118647086,
2330,5870960.27769524,4905772.71570638,1014170.10233078,-2544.42784557158,1698.30924950328,6504.83132783172,
2340,5845261.57624342,4922542.65775666,1079173.35852639,-2595.27520133422,1655.65495822755,6495.7256785323,
2350,5819055.52592965,4938885.3370483,1144082.73261577,-2645.8968794453,1612.85732057875,6486.05504520558,
2360,5792344.40565194,4954799.33882228,1208892.57900074,-2696.28845901562,1569.92007954797,6475.82028461802,
2370,5765130.53841422,4970283.2858104,1273597.26090109,-2746.44553982142,1526.84699025098,6465.02230358286,
2380,5737416.29111763,4985335.83835478,1338191.15085459,-2796.36374270951,1483.64181957984,6453.66205886866,
2390,5709204.07434779,4999955.69452391,1402668.63121609,-2846.03871000104,1440.30834585298,6441.74055710246,
2400,5680496.34215808,5014141.59022511,1467024.09465556,-2895.46610589357,1396.85035846365,6429.25885466741,
2410,5651295.59184885,5027892.29931354,1531251.94465514,-2944.64161686115,1353.27165752693,6416.2180575946,
2420,5621604.36374267,5041206.63369765,1595346.59600505,-2993.56095205207,1309.57605352528,6402.61932144878,
2430,5591425.24095561,5054083.44344107,1659302.47529833,-3042.21984368395,1265.76736695291,6388.46385120806,
2440,5560760.84916458,5066521.61686094,1723114.02142432,-3090.6140474357,1221.84942795927,6373.75290113759,
2450,5529613.85637076,5078520.08062269,1786775.68606093,-3138.73934283609,1177.82607599166,6358.48777465745,
2460,5497986.97265922,5090077.7998312,1850281.93416546,-3186.5915336487,1133.70115943749,6342.66982420495,
2470,5465882.94995459,5101193.77811846,1913627.24446408,-3234.16644825307,1089.47853526602,6326.30045109174,
2480,5433304.58177309,5111867.05772757,1976806.10993983,-3281.45994002193,1045.16206866997,6309.38110535595,
2490,5400254.70297067,5122096.71959314,2039813.03831912,-3328.46788769451,1000.75563270682,6291.91328560989,
2500,5366736.18948751,5131881.88341823,2102642.55255673,-3375.18619574597,956.263107940116,6273.89853888335,
2510,5332751.95808884,5141221.70774754,2165289.19131913,-3421.61079475307,911.688382080522,6255.3384604631,
2520,5298304.96610211,5150115.39003714,2227747.50946628,-3467.73764175612,867.03534962683,6236.23469372855,
2530,5263398.21115054,5158562.16672052,2290012.0785317,-3513.56272061746,822.307911506815,6216.58892998398,
2540,5228034.73088316,5166561.31327108,2352077.48720084,-3559.08204237673,777.509974717948,6196.40290828748,
2550,5192217.60270121,5174112.14426107,2413938.3417878,-3604.29164560318,732.645451967913,6175.67841527662,
2560,5155949.94348118,5181214.01341687,2475589.26671021,-3649.18759674528,687.718261314868,6154.41728499116,
2570,5119234.90929418,5187866.31367068,2537024.90496235,-3693.76599047814,642.732325807315,6132.62139869256,
2580,5082075.69512203,5194068.47720862,2598239.91858647,-3738.02295004898,597.691573123444,6110.29268468031,
2590,5044475.53456978,5199819.97551528,2659228.98914223,-3781.95462762104,552.599935209727,6087.43311810491,
2600,5006437.69957483,5205120.3194145,2719986.81817423,-3825.55720461622,507.461347918559,6064.04472077705,
2610,4967965.50011263,5209969.05910668,2780508.12767771,-3868.82689205666,462.27975064469,6040.12956097271,
2620,4929062.28389903,5214365.78420238,2840787.66056212,-3911.75993090535,417.059085960227,6015.68975323344,
2630,4889731.43608909,5218310.12375219,2900820.18111284,-3954.35259240558,371.803299248036,5990.72745816132,
2640,4849976.37897265,5221801.7462731,2960600.47545067,-3996.6011784191,326.516338333449,5965.24488220793,
2650,4809800.57166642,5224840.35977099,3020123.35198929,-4038.50202176246,281.202153114285,5939.24427745662,
2660,4769207.50980279,5227425.71175955,3079383.64189043,-4080.05148654097,235.864695189379,5912.72794139744,
2670,4728200.72521528,5229557.58927541,3138376.19951677,-4121.24596847952,190.507917485894,5885.69821669452,
2680,4686783.78562069,5231235.81888955,3197095.90288253,-4162.08189524938,145.135773885907,5858.15749094541,
2690,4644960.29429801,5232460.26671499,3255537.65410153,-4202.5557267904,99.7522188527924,5830.10819643246,
2700,4602733.88976421,5233230.83841075,3313696.37983276,-4242.66395562758,54.3612070580784,5801.55280986655,
2710,4560108.24544676,5233547.47918203,3371567.03172339,-4282.40310718163,8.96669300938363,5772.49385212338,
2720,4517087.06935318,5233410.17377677,3429144.58684903,-4321.76974007291,-36.4273693199194,5742.9338879731,
2730,4473674.10373754,5232818.94647841,3486424.04815131,-4360.76044641849,-81.8170268587785,5712.87552580394,
2740,4429873.12476407,5231773.86109509,3543400.44487267,-4399.37185212222,-127.198327803817,5682.32141734054,
2750,4385687.94216781,5230275.02094511,3600068.8329883,-4437.60061715783,-172.567321981627,5651.27425735794,
2760,4341122.39891258,5228322.56883889,3656424.29563517,-4475.44343584516,-217.920061207765,5619.73678339178,
2770,4296180.37084616,5225916.68705723,3712461.94353818,-4512.89703711984,-263.252599642346,5587.71177544574,
2780,4250865.76635275,5223057.59732616,3768176.91543342,-4549.95818479673,-308.560994142203,5555.20205569666,
2790,4205182.52600297,5219745.56078821,3823564.37848833,-4586.62367782761,-353.841304609724,5522.210488198,
2800,4159134.62220117,5215980.87797018,3878619.52871907,-4622.89035055347,-399.08959433852,5488.73997858223,
2810,4112726.05883031,5211763.88874759,3933337.59140474,-4658.75507295206,-444.301930356194,5454.79347376223,
2820,4065960.87089438,5207094.97230558,3987713.82149876,-4694.21475088111,-489.474383764483,5420.37396163228,
2830,4018843.12415837,5201974.54709648,4041743.50403712,-4729.26632631767,-534.603030077116,5385.48447076835,
2840,3971376.91478596,5196403.07079405,4095421.95454375,-4763.90677759409,-579.683949555708,5350.12807012797,
2850,3923566.36897471,5190381.04024427,4148744.5194328,-4798.13311963089,-624.713227543996,5314.30786874929,
2860,3875415.64258912,5183908.99141291,4201706.57640795,-4831.94240416693,-669.686954800713,5278.02701544935,
2870,3826928.92079124,5176987.49932968,4254303.53485867,-4865.33171998691,-714.601227831326,5241.28869852105,
2880,3778110.41766909,5169617.17802914,4306530.8362535,-4898.29819314647,-759.452149218862,5204.09614542877,
2890,3728964.37586287,5161798.68048823,4358383.95453018,-4930.83898719483,-804.235827953957,5166.45262250215,
2900,3679495.0661889,5153532.69856059,4409858.3964828,-4962.95130339498,-848.948379764272,5128.36143462787,
2910,3629706.78726139,5144819.96290754,4460949.70214581,-4994.63238094136,-893.585927443331,5089.82592493913,
2920,3579603.86511204,5135661.24292573,4511653.44517491,-5025.87949717481,-938.144601178833,5050.84947450264,
2930,3529190.65280755,5126057.34667164,4561965.23322484,-5056.68996779476,-982.620538880428,5011.43550200286,
2940,3478471.53006494,5116009.12078264,4611880.70832393,-5087.0611470684,-1027.00988650694,4971.58746342349,
2950,3427450.90286487,5105517.45039493,4661395.54724551,-5116.99042803666,-1071.30879839298,4931.30885172615,
2960,3376133.20306286,5094583.25905813,4710505.46187607,-5146.4752427169,-1115.51343757486,4890.60319652604,
2970,3324522.88799855,5083207.50864661,4759206.19958016,-5175.51306230215,-1159.61997611576,4849.47406376489,
2980,3272624.44010298,5071391.19926764,4807493.543562,-5204.1013973568,-1203.62459543006,4807.92505538101,
2990,3220442.36650384,5059135.36916624,4855363.31322379,-5232.23779800863,-1247.5234866068,4765.9598089766,
3000,3167981.19862899,5046441.09462682,4902811.36452068,-5259.91985413725,-1291.31285073211,4723.58199748243,
3010,3115245.49180791,5033309.48987161,4949833.59031236,-5287.14519555876,-1334.9888992107,4680.79532881985,
3020,3062239.82487153,5019741.70695584,4996425.92071128,-5313.9114922067,-1378.54785408622,4637.60354556028,
3030,3008968.79975009,5005738.9356598,5042584.3234274,-5340.21645430928,-1421.98594836061,4594.01042458214,
3040,2955437.04106936,4991302.40337765,5088304.80410959,-5366.05783256276,-1465.2994263122,4550.01977672538,
3050,2901649.19574509,4976433.37500305,5133583.40668346,-5391.43341830112,-1508.48454381269,4505.63544644355,
3060,2847609.93257582,4961133.15281166,5178416.21368578,-5416.3410436618,-1551.53756864286,4460.86131145348,
3070,2793323.94183401,4945403.07634048,5222799.34659531,-5440.7785817477,-1594.45478080703,4415.7012823827,
3080,2738795.93485561,4929244.52226403,5266728.9661602,-5464.74394678514,-1637.23247284605,4370.15930241454,
3090,2684030.64362806,4912658.90426747,5310201.27272168,-5488.23509427814,-1679.86695014907,4324.23934693111,
3100,2629032.82037671,4895647.67291651,5353212.50653434,-5511.25002115872,-1722.35453126368,4277.94542315415,
3110,2573807.23714987,4878212.31552431,5395758.94808266,-5533.7867659334,-1764.69154820471,4231.28156978387,
3120,2518358.6854023,4860354.35601526,5437836.91839401,-5555.84340882592,-1806.87434676149,4184.2518566358,
3130,2462691.97557736,4842075.35478572,5479442.77934796,-5577.4180719163,-1848.89928680355,4136.86038427576,
3140,2406811.93668776,4823376.90856169,5520572.93398198,-5598.5089192762,-1890.76274258496,4089.11128365293,
3150,2350723.41589498,4804260.65025342,5561223.8267934,-5619.11415710071,-1932.46110304704,4041.00871573103,
3160,2294431.27808741,4784728.24880708,5601391.94403771,-5639.23203383664,-1973.9907721198,3992.55687111759,
3170,2237940.40545719,4764781.40905333,5641073.81402316,-5658.86084030723,-2015.34816902182,3943.75996969126,
3180,2181255.69707582,4744421.87155296,5680266.00740157,-5677.99890983345,-2056.52972855881,3894.62226022709,
3190,2124382.06846863,4723651.41243953,5718965.13745543,-5696.6446183516,-2097.53190142081,3845.14802001974,
3200,2067324.45118802,4702471.84325906,5757167.86038119,-5714.79638452749,-2138.3511544779,3795.34155450449,
3210,2010087.79238564,4680885.01080671,5794870.87556877,-5732.45266986677,-2178.98397107454,3745.20719687608,
3220,1952677.05438342,4658892.79696062,5832070.92587724,-5749.61197882152,-2219.42685132245,3694.74930770526,
3230,1895097.21424361,4636497.11851278,5868764.79790665,-5766.27285889294,-2259.67631239184,3643.97227455301,
3240,1837353.26333781,4613699.92699695,5904949.32226599,-5782.43390072988,-2299.72888880099,3592.88051158256,
3250,1779450.20691497,4590503.20851377,5940621.37383729,-5798.09373822327,-2339.58113270394,3541.47845916903,
3260,1721393.06366857,4566908.98355299,5975777.87203572,-5813.25104859606,-2379.2296141761,3489.77058350697,
3270,1663186.86530282,4542919.3068128,6010415.78106588,-5827.90455248878,-2418.67092149761,3437.76137621588,
3280,1604836.65609811,4518536.26701641,6044532.11017403,-5842.05301404047,-2457.90166143402,3385.45535394384,
3290,1546347.49247562,4493761.98672576,6078123.91389639,-5855.69524096498,-2496.91845951425,3332.85705796967,
3300,1487724.44256122,4468598.62215257,6111188.29230347,-5868.83008462274,-2535.71796030539,3279.97105380395,
3310,1428972.58574867,4443048.36296654,6143722.39124037,-5881.456440088,-2574.29682768416,3226.8019307893,
3320,1370097.01226214,4417113.43210095,6175723.40256312,-5893.57324621192,-2612.65174510503,3173.35430170037,
3330,1311102.82271815,4390796.08555554,6207188.56437097,-5905.17948568174,-2650.77941586482,3119.63280234414,
3340,1251995.12768697,4364098.61219678,6238115.16123477,-5916.27418507654,-2688.67656336394,3065.6420911608,
3350,1192779.04725335,4337023.33355555,6268500.52442126,-5926.85641492011,-2726.33993136453,3011.38684882574,
3360,1133459.7105769,4309572.60362221,6298342.03211344,-5936.92528973155,-2763.76628424589,2956.87177785264,
3370,1074042.25545185,4281748.80863921,6327637.10962703,-5946.47996807409,-2800.95240725772,2902.10160219802,
3380,1014531.82786637,4253554.36689109,6356383.22962285,-5955.51965260284,-2837.8951067717,2847.08106686669,
3390,954933.581561432,4224991.72849202,6384577.91231539,-5964.04359011184,-2874.59121053238,2791.8149375181,
3400,895252.677589179,4196063.37517082,6412218.72567735,-5972.05107158075,-2911.03756790775,2736.30800007251,
3410,835494.283870831,4166771.82005346,6439303.28564031,-5979.54143222118,-2947.23105014038,2680.56506031659,
3420,775663.574754143,4137119.60744308,6465829.25629139,-5986.51405152263,-2983.16855059946,2624.59094350701,
3430,715765.730570397,4107109.3125974,6491794.35006595,-5992.96835329752,-3018.8469850342,2568.39049397129,
3440,655805.937190953,4076743.54150374,6517196.32793635,-5998.90380572462,-3054.26329182836,2511.96857470472,
3450,595789.385583382,4046024.9306513,6542032.99959648,-6004.31992139012,-3089.41443225597,2455.33006696248,
3460,535721.271367195,4014956.14680104,6566302.22364241,-6009.21625732519,-3124.29739073739,2398.47986984645,
3470,475606.794369226,3983539.88675292,6590001.90774871,-6013.59241503927,-3158.90917509523,2341.42289988629,
3480,415451.158178708,3951778.8771106,6613130.00884059,-6017.44804054787,-3193.24681680913,2284.16409061481,
3490,355259.569702092,3919675.87404361,6635684.53326186,-6020.78282439445,-3227.30737126845,2226.70839213816,
3500,295037.238717688,3887233.66304697,6657663.53693841,-6023.59650166552,-3261.08791802208,2169.06077070116,
3510,234789.377430191,3854455.05869841,6679065.12553747,-6025.88885199877,-3294.58556102452,2111.2262082489,
3520,174521.200025156,3821342.90441307,6699887.45462237,-6027.65969958407,-3327.79742887759,2053.20970198526,
3530,114237.922223498,3787900.07219586,6720128.72980294,-6028.90891315737,-3360.72067506737,1995.01626392941,
3540,53944.7608360975,3754129.46239141,6739787.2068814,-6029.63640598769,-3393.35247819596,1936.65092047133,
3550,-6353.0666814444,3720034.00343184,6758861.19199391,-6029.84213585758,-3425.69004220789,1878.11871192696,
3560,-66650.342673814,3685616.65158215,6777349.04174753,-6029.52610503737,-3457.73059661122,1819.42469209405,
3570,-126941.849730712,3650880.39068357,6795249.16335289,-6028.68836025387,-3489.47139669325,1760.57392780927,
3580,-187222.371131239,3615828.23189467,6812560.01475231,-6027.32899265395,-3520.90972373104,1701.57149850726,
3590,-247486.691287897,3580463.21343046,6829280.10474365,-6025.44813776369,-3552.04288519706,1642.42249578204,
3600,-307729.59619016,3544788.40029937,6845407.99309968,-6023.04597544377,-3582.86821496021,1583.13202295122,
3610,-367945.873847583,3508806.88403836,6860942.29068314,-6020.12272984171,-3613.38307348283,1523.70519462308,
3620,-428130.314732424,3472521.78244601,6875881.65955755,-6016.67866934147,-3643.58484801406,1464.14713626665,
3630,-488277.712221742,3435936.23931365,6890224.81309361,-6012.71410651101,-3673.47095278026,1404.46298378444,
3640,-548382.863038972,3399053.42415469,6903970.51607146,-6008.22939804799,-3703.03882917295,1344.65788308763,
3650,-608440.56769494,3361876.53193202,6917117.58477862,-6003.22494472389,-3732.28594593471,1284.73698967316,
3660,-668445.630928321,3324408.78278358,6929664.88710376,-5997.70119132648,-3761.20979934349,1224.7054682022,
3670,-728392.862145497,3286653.42174611,6941611.34262624,-5991.65862660048,-3789.80791339536,1164.56849207943,
3680,-788277.075859832,3248613.718477,6952955.9227014,-5985.09778318617,-3818.07783998583,1104.33124303282,
3690,-848093.092130304,3210292.96697448,6963697.65054175,-5978.0192375556,-3846.01715908944,1043.99891069328,
3700,-907835.736999493,3171694.48529589,6973835.60129388,-5970.42360994607,-3873.62347893738,983.576692174389,
3710,-967499.842930892,3132821.61527422,6983368.90211116,-5962.31156429067,-3900.89443619279,923.069791651927,
3720,-1027080.2492455,3093677.72223298,6992296.73222227,-5953.68380814562,-3927.82769612326,862.4834199437,
3730,-1086571.80255769,3054266.19469925,7000618.32299556,-5944.54109261451,-3954.42095277024,801.82279408987,
3740,-1145969.35721026,3014590.44411515,7008332.95799913,-5934.88421226964,-3980.67192911529,741.093136934352,
3750,-1205267.77570876,2974653.90454759,7015439.9730568,-5924.71400507059,-4006.57837724299,680.299676707733,
3760,-1264461.9291549,2934460.03239646,7021938.75629988,-5914.03135228067,-4032.13807850079,619.447646612098,
3770,-1323546.69767921,2894012.3061012,7027828.74821488,-5902.8371783816,-4057.34884365624,558.542284408046,
3780,-1382516.97087276,2853314.22584584,7033109.44168696,-5891.13245098681,-4082.20851305203,497.588832003927,
3790,-1441367.64821805,2812369.31326244,7037780.38203942,-5878.91818075398,-4106.71495675952,436.592535047154,
3800,-1500093.639519,2771181.1111331,7041841.167069,-5866.19542129677,-4130.86607473138,375.558642517201,
3810,-1558689.86533009,2729753.18309033,7045291.44707725,-5852.96526909605,-4154.65979695391,314.492406319744,
3820,-1617151.25738456,2688089.11331599,7048130.92489769,-5839.22886341032,-4178.09408359947,253.399080881281,
3830,-1675472.75902176,2646192.50623862,7050359.35591903,-5824.98738618509,-4201.16692517934,192.28392274356,
3840,-1733649.32561354,2604066.98622934,7051976.54810426,-5810.24206196081,-4223.8763426969,131.152190157177,
3850,-1791675.92498974,2561716.19729615,7052982.36200575,-5794.99415777866,-4246.22038780112,70.0091426738606,
3860,-1849547.5378627,2519143.80277665,7053376.71077617,-5779.24498308374,-4268.19714293985,8.86004073716053,
3870,-1907259.15825085,2476353.48502936,7053159.56017539,-5762.99588962516,-4289.80472151252,-52.289854728541,
3880,-1964805.79390115,2433348.94512341,7052330.92857319,-5746.24827135244,-4311.04126802164,-113.435282730521,
3890,-2022182.46671066,2390133.90252678,7050890.8869479,-5729.00356430831,-4331.90495822252,-174.570982621361,
3900,-2079384.21314684,2346712.09479298,7048839.55888089,-5711.26324651766,-4352.39399927085,-235.691694513241,
3910,-2136406.08466686,2303087.27724638,7046177.12054685,-5693.02883787255,-4372.50662986751,-296.79215969232,
3920,-2193243.14813562,2259263.22266604,7042903.80070006,-5674.30190001417,-4392.24112040066,-357.86712103263,
3930,-2249890.48624272,2215243.72096809,7039019.88065635,-5655.08403621169,-4411.5957730851,-418.911323409028,
3940,-2306343.19791803,2171032.57888681,7034525.69427111,-5635.37689123882,-4430.56892209881,-479.919514108842,
3950,-2362596.39874618,2126633.61965434,7029421.62791309,-5615.18215124846,-4449.15893371718,-540.886443242079,
3960,-2418645.22137972,2082050.68267903,7023708.12043409,-5594.50154364601,-4467.3642064453,-601.80686415024,
3970,-2474484.81595094,2037287.62322246,7017385.66313468,-5573.33683696167,-4485.18317114853,-662.675533813985,
3980,-2530110.35048256,1992348.31207525,7010454.7997257,-5551.68984072204,-4502.61429118217,-723.487213260072,
3990,-2585517.01129699,1947236.63523144,7002916.12628581,-5529.56240532108,-4519.65606252027,-784.236667968123,
4000,-2640700.00342437,1901956.49356174,6994770.29121492,-5506.95642189026,-4536.30701388412,-844.918668277813,
4010,-2695654.55100932,1856511.80248535,6986017.99518352,-5483.8738221677,-4552.56570687055,-905.527989797127,
4020,-2750375.89771631,1810906.4916406,6976659.991078,-5460.31657836585,-4568.43073608012,-966.059413812245,
4030,-2804859.30713375,1765144.50455426,6966697.08394176,-5436.28670303724,-4583.90072924515,-1026.50772769953,
4040,-2859100.0631767,1719229.79830958,6956130.13091227,-5411.78624893765,-4598.97434735742,-1086.86772533996,
4050,-2913093.47048823,1673166.34321308,6944960.04115392,-5386.81730888625,-4613.65028479528,-1147.13420753624,
4060,-2966834.8548393,1626958.12246003,6933187.77578674,-5361.38201562216,-4627.9272694498,-1207.30198243257,
4070,-3020319.56352727,1580609.13179869,6920814.34781082,-5335.48254165694,-4641.80406284962,-1267.36586593713,
4080,-3073542.96577282,1534123.37919335,6907840.8220266,-5309.12109912279,-4655.27946028402,-1327.32068214701,
4090,-3126500.45311545,1487504.8844861,6894268.31495082,-5282.29993961601,-4668.35229092387,-1387.16126377547,
4100,-3179187.43980722,1440757.67905741,6880097.99472822,-5255.02135403574,-4681.02141793998,-1446.88245258115,
4110,-3231599.36320504,1393885.80548556,6865331.08103893,-5227.28767241777,-4693.28573861849,-1506.47909979891,
4120,-3283731.68416114,1346893.31720493,6849968.84500154,-5199.10126376333,-4705.14418447297,-1565.94606657195,
4130,-3335579.88741186,1299784.27816318,6834012.60907189,-5170.46453586304,-4716.59572135291,-1625.27822438466,
4140,-3387139.48196464,1252562.76247733,6817463.74693743,-5141.37993511597,-4727.63934954842,-1684.47045549583,
4150,-3438406.00148318,1205232.8540889,6800323.68340738,-5111.84994634392,-4738.27410389095,-1743.51765337159,
4160,-3489375.00467073,1157798.64641798,6782593.89429844,-5081.87709260131,-4748.49905385014,-1802.41472311759,
4170,-3540042.07565141,1110264.24201637,6764275.90631626,-5051.46393498082,-4758.31330362682,-1861.15658191002,
4180,-3590402.82434968,1062633.75221986,6745371.2969326,-5020.61307241502,-4767.71599224234,-1919.73815942497,
4190,-3640452.88686764,1014911.29679953,6725881.69425816,-4989.32714147444,-4776.70629362454,-1978.15439826605,
4200,-3690187.92586046,967101.003612318,6705808.7769112,-4957.60881616238,-4785.2834166906,-2036.40025438988,
4210,-3739603.63090963,919207.008250718,6685154.27388189,-4925.46080770648,-4793.44660542706,-2094.47069752973,
4220,-3788695.71889416,871233.453691678,6663919.96439241,-4892.88586434767,-4801.19513896713,-2152.36071161715,
4230,-3837459.93435964,823184.489944769,6642107.67775289,-4859.88677112632,-4808.52833166563,-2210.06529520198,
4240,-3885892.04988518,775064.273699604,6619719.29321314,-4826.46634966596,-4815.4455331714,-2267.57946187077,
4250,-3933987.86644811,726876.967972543,6596756.73981016,-4792.62745795459,-4821.94612849749,-2324.89824066404,
4260,-3981743.21378655,678626.741752714,6573221.99621155,-4758.37299012368,-4828.02953808876,-2382.01667649241,
4270,-4029153.95075972,630317.769647362,6549117.09055473,-4723.7058762249,-4833.69521788729,-2438.9298305521,
4280,-4076215.96570603,581954.231526562,6524444.10028198,-4688.6290820046,-4838.94265939504,-2495.63278073982,
4290,-4122925.17679887,533540.312167321,6499205.15197141,-4653.145608676,-4843.77138973421,-2552.12062206725,
4300,-4169277.53240014,485080.200897077,6473402.4211637,-4617.25849268899,-4848.1809717049,-2608.38846707543,
4310,-4215269.01141144,436578.09123665,6447038.13218473,-4580.97080549746,-4852.17100384024,-2664.43144624899,
4320,-4260895.62362297,388038.180542643,6420114.55796411,-4544.28565332393,-4855.74112045884,-2720.2447084304,
4330,-4306153.41006001,339464.669649336,6392634.01984951,-4507.20617692125,-4858.89099171467,-2775.82342123427,
4340,-4351038.44332699,290861.762510096,6364598.88741686,-4469.73555133119,-4861.62032364421,-2831.16277146154,
4350,-4395546.82794921,242233.665838325,6336011.57827642,-4431.87698563965,-4863.92885821083,-2886.25796551369,
4360,-4439674.70071199,193584.588747983,6306874.55787472,-4393.63372272813,-4865.81637334639,-2941.10422980661,
4370,-4483418.23099742,144918.742393709,6277190.33929232,-4355.00903902155,-4867.28268298976,-2995.69681118412,
4380,-4526773.62111847,96240.3396105657,6246961.4830375,-4316.00624423192,-4868.32763712235,-3050.03097733068,
4390,-4569737.1066506,47553.5945534558,6216190.59683576,-4276.62868109808,-4868.95112180024,-3104.10201718329,
4400,-4612304.95676068,-1137.27766377393,6184880.33541527,-4236.87972512138,-4869.15305918289,-3157.90524134202,
4410,-4654473.47453329,-49828.0613294942,6153033.40028816,-4196.76278429745,-4868.93340755823,-3211.43598247894,
4420,-4696238.99729432,-98514.5404956877,6120652.5395278,-4156.28129884427,-4868.29216136392,-3264.68959574518,
4430,-4737597.89693178,-147192.499339537,6087740.54754196,-4115.43874092681,-4867.22935120488,-3317.66145917575,
4440,-4778546.58021393,-195857.722525167,6054300.26484197,-4074.23861437857,-4865.74504386686,-3370.34697409175,
4450,-4819081.48910453,-244505.99556551,6020334.57780783,-4032.68445442049,-4863.83934232638,-3422.74156550003,
4460,-4859199.1010753,-293133.105184243,5985846.41844941,-3990.77982737742,-4861.51238575708,-3474.84068248983,
4470,-4898895.92941554,-341734.83967778,5950838.76416364,-3948.52833039291,-4858.76434953275,-3526.63979862655,
4480,-4938168.52353891,-390306.989277273,5915314.63748776,-3905.93359114217,-4855.59544522756,-3578.1344123427,
4490,-4977013.46928724,-438845.346510613,5879277.10584874,-3862.999267544,-4852.00592061361,-3629.320047326,
4500,-5015427.38923158,-487345.706564381,5842729.28130881,-3819.72904747145,-4847.9960596565,-3680.19225290517,
4510,-5053406.94297028,-535803.867645756,5805674.32030708,-3776.12664846157,-4843.56618250914,-3730.74660443349,
4520,-5090948.82742415,-584215.631344353,5768115.42339742,-3732.19581742412,-4838.71664550419,-3780.97870367066,
4530,-5128049.77712877,-632576.802993976,5730055.8349825,-3687.94033034903,-4833.44784114539,-3830.8841791635,
4540,-5164706.56452376,-680883.192034282,5691498.84304398,-3643.3639920126,-4827.76019809801,-3880.45868662577,
4550,-5200916.00023924,-729130.612372346,5652447.77886899,-3598.47063568188,-4821.65418117839,-3929.69790931767,
4560,-5236674.93337919,-777314.882744115,5612906.01677272,-3553.26412281695,-4815.13029134261,-3978.59755842545,
4570,-5271980.25180191,-825431.827075743,5572876.9738173,-3507.74834277069,-4808.18906567415,-4027.15337344129,
4580,-5306828.88239744,-873477.274844802,5532364.10952683,-3461.92721248561,-4800.83107737014,-4075.36112254392,
4590,-5341217.79136191,-921447.061441337,5491370.92559858,-3415.8046761872,-4793.05693572619,-4123.21660297991,
4600,-5375143.98446884,-969337.028528775,5449900.96561045,-3369.38470507355,-4784.86728611919,-4170.71564144584,
4610,-5408604.50733726,-1017143.02440463,5407957.81472449,-3322.67129700078,-4776.26280998768,-4217.85409447133,
4620,-5441596.44569675,-1064860.90436104,5365545.09938673,-3275.668476164,-4767.24422480958,-4264.62784880267,
4630,-5474116.92564918,-1112486.53104498,5322666.48702304,-3228.38029277358,-4757.81228407652,-4311.03282178715,
4640,-5506163.11392722,-1160015.77481831,5279325.68573119,-3180.81082272645,-4747.9677772645,-4357.06496175767,
4650,-5537732.21814957,-1207444.51411744,5235526.44396911,-3132.96416727238,-4737.71152980037,-4402.7202484174,
4660,-5568821.48707278,-1254768.63581262,5191272.55023925,-3084.84445267506,-4727.04440302363,-4447.99469322423,
4670,-5599428.21083967,-1301984.03556692,5146567.8327691,-3036.45582986802,-4715.96729414314,-4492.88433977447,
4680,-5629549.72122429,-1349086.6181946,5101416.15918789,-2987.80247410529,-4704.4811361884,-4537.38526418555,
4690,-5659183.39187337,-1396072.29801912,5055821.43619949,-2938.88858460694,-4692.58689795493,-4581.49357547691,
4700,-5688326.63854415,-1442936.99923048,5009787.60925149,-2889.71838419959,-4680.2855839436,-4625.20541594875,
4710,-5716976.91933868,-1489676.65624191,4963318.6622005,-2840.29611895206,-4667.57823429368,-4668.51696155786,
4720,-5745131.73493436,-1536287.21404596,4916418.61697374,-2790.62605780643,-4654.46592470946,-4711.42442228988,
4730,-5772788.62881083,-1582764.62856969,4869091.53322688,-2740.71249220489,-4640.9497663806,-4753.92404252728,
4740,-5799945.18747308,-1629104.86702913,4821341.50799827,-2690.55973571277,-4627.03090589624,-4796.0121014125,
4750,-5826599.04067077,-1675303.90828284,4773172.67535955,-2640.17212363828,-4612.71052515313,-4837.68491320549,
4760,-5852747.8616138,-1721357.74318445,4724589.20606268,-2589.55401264954,-4597.98984125831,-4878.93882763526,
4770,-5878389.3671839,-1767262.37493433,4675595.30718359,-2538.70978038954,-4582.87010642662,-4919.77023024491,
4780,-5903521.31814254,-1813013.81943004,4626195.22176225,-2487.64382508971,-4567.35260787369,-4960.17554273003,
4790,-5928141.51933481,-1858608.10561588,4576393.22843956,-2436.36056518274,-4551.4386677051,-5000.15122327027,
4800,-5952247.8198895,-1904041.27583118,4526193.64109083,-2384.86443891526,-4535.12964280228,-5039.69376685424,
4810,-5975838.11341537,-1949309.38615745,4475600.80845611,-2333.15990396101,-4518.42692470585,-5078.79970559806,
4820,-5998910.33819341,-1994408.50676443,4424619.11376734,-2281.25143703483,-4501.33193949719,-5117.46560905798,
4830,-6021462.47736537,-2039334.72225488,4373252.97437244,-2229.14353350772,-4483.84614767865,-5155.68808453781,
4840,-6043492.55911839,-2084084.13200818,4321506.84135627,-2176.84070702315,-4465.97104405304,-5193.46377739172,
4850,-6064998.65686581,-2128652.85052274,4269385.19915864,-2124.3474891144,-4447.70815760277,-5230.78937132353,
4860,-6085978.88942416,-2173037.00775719,4216892.56518936,-2071.66842882255,-4429.05905136882,-5267.66158868294,
4870,-6106431.42118634,-2217232.74947034,4164033.48944028,-2018.80809231491,-4410.02532232963,-5304.0771907597,
4880,-6126354.46229096,-2261236.23756,4110812.55409443,-1965.77106250301,-4390.60860127981,-5340.0329780762,
4890,-6145746.26878786,-2305043.65040047,4057234.37313223,-1912.5619386598,-4370.8105527084,-5375.525790679,
4900,-6164605.14279982,-2348651.18317891,4003303.59193481,-1859.18533603526,-4350.63287467638,-5410.55250842957,
4910,-6182929.4326804,-2392055.04823046,3949024.88688441,-1805.64588547002,-4330.07729869295,-5445.11005129436,
4920,-6200717.53316791,-2435251.47537202,3894402.96496186,-1751.94823300642,-4309.14558959023,-5479.19537963419,
4930,-6217967.88553545,-2478236.71223495,3839442.56334122,-1698.09703949675,-4287.83954539586,-5512.80549449288,
4940,-6234678.97773703,-2521007.02459628,3784148.44898148,-1644.0969802083,-4266.16099720318,-5545.93743788481,
4950,-6250849.34454962,-2563558.6967086,3728525.41821554,-1589.95274432624,-4244.11180891343,-5578.58829302698,
4960,-6266477.56770947,-2605888.0316263,3672578.2963372,-1535.66903465493,-4221.69387723046,-5610.75518468038,
4970,-6281562.27604968,-2647991.35153737,3616311.93718243,-1481.25056749655,-4198.90913188106,-5642.43527958859,
4980,-6296102.14562943,-2689864.99808809,3559731.22271015,-1426.70207176092,-4175.7595348624,-5673.62578649413,
4990,-6310095.8998593,-2731505.33270669,3502841.06258021,-1372.02828874696,-4152.24708054032,-5704.32395652255,
5000,-6323542.30962307,-2772908.73692627,3445646.39372811,-1317.23397172741,-4128.37379549877,-5734.5270834576,
5010,-6336440.19339536,-2814071.61270622,3388152.17993712,-1262.3238855307,-4104.1417383851,-5764.23250401308,
5020,-6348788.41735511,-2854990.38275205,3330363.41140757,-1207.30280612005,-4079.55299975132,-5793.43759810128,
5030,-6360585.89549482,-2895661.49083365,3272285.10432359,-1152.17552017026,-4054.6097018912,-5822.13978909785,
5040,-6371831.58972549,-2936081.40210186,3213922.30041714,-1096.94682464228,-4029.31399867344,-5850.33654410313,
5050,-6382524.50997742,-2976246.60340336,3155280.06652948,-1041.62152635579,-4003.66807537084,-5878.02537419974,
5060,-6392663.71429658,-3016153.60359388,3096363.49417006,-986.204441559834,-3977.67414848562,-5905.20383470677,
5070,-6402248.30893679,-3055798.93384955,3037177.69907292,-930.700395501531,-3951.33446557076,-5931.86952543046,
5080,-6411277.44844754,-3095179.14797653,2977727.82075059,-875.114221992731,-3924.65130504749,-5958.02009091142,
5090,-6419750.33575743,-3134290.82271876,2918019.02204546,-819.450762974509,-3897.62697601851,-5983.65322066833,
5100,-6427666.2222533,-3173130.55806382,2858056.48867889,-763.714868079403,-3870.26381807705,-6008.76664943795,
5110,-6435024.40785495,-3211694.97754687,2797845.42879777,-707.911394191376,-3842.56420111132,-6033.3581574112,
5120,-6441824.24108542,-3249980.72855259,2737391.07251884,-652.045205003554,-3814.53052510435,-6057.42557046482,
5130,-6448065.11913689,-3287984.4826151,2676698.6714707,-596.121170573923,-3786.16521992899,-6080.96676038837,
5140,-6453746.48793207,-3325702.93571584,2615773.49833357,-540.144166879268,-3757.47074513816,-6103.97964510608,
5150,-6458867.84218119,-3363132.80857929,2554620.84637685,-484.119075367722,-3728.44958975037,-6126.46218889314,
5160,-6463428.72543443,-3400270.84696652,2493246.02899455,-428.050782510358,-3699.10427203074,-6148.41240258626,
5170,-6467428.73012994,-3437113.82196656,2431654.37923865,-371.94417935227,-3669.43733926788,-6169.82834378819,
5180,-6470867.4976373,-3473658.53028551,2369851.24935044,-315.804161063586,-3639.45136754701,-6190.7081170663,
5190,-6473744.71829657,-3509901.79453333,2307842.01028992,-259.635626490801,-3609.14896151973,-6211.04987414513,
5200,-6476060.13145278,-3545840.46350838,2245632.05126325,-203.443477708735,-3578.53275417098,-6230.85181409332,
5210,-6477813.52548597,-3581471.41247953,2183226.77924847,-147.232619573334,-3547.60540658363,-6250.11218350517,
5220,-6479004.73783682,-3616791.543466,2120631.61851927,-91.007959275387,-3516.36960770103,-6268.8292766772,
5230,-6479633.65502771,-3651797.78551474,2057852.01016716,-34.7744058950995,-3484.82807408797,-6287.00143578045,
5240,-6479700.21267942,-3686487.09497546,1994893.41162187,21.4631300426603,-3452.98354969015,-6304.62705102875,
5250,-6479204.39552336,-3720856.45577322,1931761.29617007,77.6997370127788,-3420.83880559227,-6321.70456084367,
5260,-6478146.23740932,-3754902.87967861,1868461.15247253,133.930502934404,-3388.39663977468,-6338.23245201653,
5270,-6476525.82130884,-3788623.40657548,1804998.48407956,190.15051561606,-3355.65987686846,-6354.2092598677,
5280,-6474343.27931407,-3822015.10472623,1741378.80894498,246.354863201908,-3322.63136790839,-6369.63356840347,
5290,-6471598.79263216,-3855075.07103456,1677607.65893849,302.538634619713,-3289.31399008366,-6384.5040104704,
5300,-6468292.59157521,-3887800.4313058,1613690.57935647,358.696920030981,-3255.71064648555,-6398.81926790692,
5310,-6464424.95554564,-3920188.34050466,1549633.12843134,414.824811283669,-3221.82426585185,-6412.57807169189,
5320,-6459996.21301706,-3952235.98301035,1485440.87683942,470.917402367709,-3187.65780230722,-6425.77920208942,
5330,-6455006.74151056,-3983940.57286917,1421119.40720738,526.969789873441,-3153.21423509939,-6438.42148878938,
5340,-6449456.96756641,-4015299.3540444,1356674.31361731,582.977073452865,-3118.49656833077,-6450.50381104276,
5350,-6443347.36671111,-4046309.60066349,1292111.20111041,638.934356283482,-3083.50783068531,-6462.02509779116,
5360,-6436678.46341983,-4076968.61726247,1227435.68518953,694.836745534306,-3048.25107515075,-6472.98432778963,
5370,-6429450.83107414,-4107273.7390276,1162653.3913204,750.679352833569,-3012.72937873637,-6483.38052972218,
5380,-6421665.09191507,-4137222.33203414,1097769.95443181,806.457294737499,-2976.94584218655,-6493.2127823095,
5390,-6413321.91699151,-4166811.79348227,1032791.01841475,862.165693199551,-2940.90358969052,-6502.48021440845,
5400,-6404422.02610386,-4196039.55193006,967722.235620576,917.799676039426,-2904.6057685889,-6511.1820051031,
5410,-6394966.18774304,-4224903.06752351,902569.26635832,973.354377411219,-2868.05554907727,-6519.31738378739,
5420,-6384955.21902482,-4253399.83222361,837337.778391208,1028.82493827009,-2831.25612390752,-6526.88563023935,
5430,-6374389.98561947,-4281527.37003039,772033.446432491,1084.20650683688,-2794.2107080872,-6533.8860746873,
5440,-6363271.4016768,-4309283.23720398,706661.951640637,1139.49423906011,-2756.92253857743,-6540.31809786831,
5450,-6351600.42974659,-4336665.02248264,641228.981113981,1194.68329907504,-2719.39487398955,-6546.18113107959,
5460,-6339378.08069442,-4363670.3472977,575740.227384897,1249.76885965926,-2681.6309942809,-6551.47465622327,
5470,-6326605.413613,-4390296.86598554,510201.387913551,1304.74610268484,-2643.63420044972,-6556.19820584537,
5480,-6313283.53572898,-4416542.26599646,444618.164581283,1359.6102195667,-2605.40781422943,-6560.35136316976,
5490,-6299413.60230529,-4442404.26810047,378996.263183681,1414.35641170744,-2566.95517778218,-6563.93376212769,
5500,-6284996.81653907,-4467880.62659009,313341.392923375,1468.97989093888,-2528.27965339148,-6566.94508738377,
5510,-6270034.42945514,-4492969.12947998,247659.265902584,1523.47587996058,-2489.38462315396,-6569.38507435891,
5520,-6254527.73979518,-4517667.59870355,181955.596615452,1577.83961277599,-2450.27348866972,-6571.25350925067,
5530,-6238478.09390252,-4541973.89030643,116236.101440187,1632.06633512681,-2410.94967073113,-6572.55022905139,
5540,-6221886.88560255,-4565885.89463683,50506.498131032,1686.15130492623,-2371.41660900966,-6573.27512156394,
5550,-6204755.55607889,-4589401.53653277,-15227.4946899058,1740.08979269165,-2331.67776174034,-6573.42812541506,
5560,-6187085.59374515,-4612518.77550609,-80960.1580409524,1793.87708197745,-2291.73660540368,-6573.00923006585,
5570,-6168878.5341124,-4635235.60592334,-146685.773089247,1847.50846980819,-2251.59663440453,-6572.01847581882,
5580,-6150135.95965233,-4657550.0571834,-212398.621659177,1900.97926711242,-2211.26136074799,-6570.45595382089,
5590,-6130859.49965599,-4679460.19389182,-278092.986740812,1954.28479915727,-2170.73431371208,-6568.32180606159,
5600,-6111050.83008827,-4700964.11603193,-343763.152998307,2007.42040598361,-2130.01903951729,-6565.6162253659,
5610,-6090711.67343795,-4722059.95913259,-409403.407278188,2060.38144284153,-2089.11910099302,-6562.33945538094,
5620,-6069843.79856347,-4742745.8944326,-475008.039117485,2113.16328062591,-2048.03807724119,-6558.49179055623,
5630,-6048449.02053427,-4763020.12904171,-540571.341251625,2165.76130631145,-2006.7795632972,-6554.07357611681,
5640,-6026529.20046783,-4782880.9060983,-606087.610122027,2218.17092338691,-1965.34716978848,-6549.08520802932,
5650,-6004086.24536238,-4802326.50492353,-671551.146383312,2270.38755228792,-1923.74452259097,-6543.52713296049,
5660,-5981122.10792525,-4821355.24117214,-736956.255410071,2322.4066308279,-1881.97526248383,-6537.3998482283,
5670,-5957638.78639698,-4839965.46697972,-802297.247803096,2374.22361462678,-1840.04304480267,-6530.70390174567,
5680,-5933638.32437109,-4858155.57110655,-867568.439895023,2425.8339775369,-1797.95153909159,-6523.4398919569,
5690,-5909122.81060964,-4875923.97907796,-932764.154255299,2477.23321206589,-1755.70442875436,-6515.60846776708,
5700,-5884094.3788546,-4893269.15332113,-997878.720194401,2528.41682979612,-1713.30541070496,-6507.21032846473,
5710,-5858555.20763501,-4910189.59329851,-1062906.47426727,2579.38036180053,-1670.75819501761,-6498.24622363807,
5720,-5832507.52007001,-4926683.83563759,-1127841.76077584,2630.11935905464,-1628.06650457671,-6488.71695308521,
5730,-5805953.58366777,-4942750.45425733,-1192678.9322707,2680.62939284456,-1585.23407472659,-6478.62336671887,
5740,-5778895.71012035,-4958388.06049096,-1257412.35005172,2730.90605517104,-1542.26465292133,-6467.96636446581,
5750,-5751336.25509456,-4973595.30320535,-1322036.38466765,2780.94495914959,-1499.16199837468,-6456.74689616172,
5760,-5723277.61801886,-4988370.86891683,-1386545.41641471,2830.74173940668,-1455.92988170999,-6444.9659614417,
5770,-5694722.24186621,-5002713.48190358,-1450933.83583399,2880.29205247229,-1412.57208461018,-6432.624609627,
5780,-5665672.61293317,-5016621.90431441,-1515196.04420774,2929.59157716902,-1369.0923994677,-6419.72393960803,
5790,-5636131.26061496,-5030094.93627418,-1579326.45405446,2978.63601499805,-1325.49462903415,-6406.2650997241,
5800,-5606100.75717682,-5043131.41598558,-1643319.48962276,3027.42109052225,-1281.78258606954,-6392.24928763978,
5810,-5575583.71752149,-5055730.21982749,-1707169.58738401,3075.94255174657,-1237.96009299099,-6377.67775021808,
5820,-5544582.79895283,-5067890.26244977,-1770871.19652366,3124.19617049626,-1194.0309815207,-6362.55178339004,
5830,-5513100.7009358,-5079610.49686456,-1834418.77943125,3172.17774279267,-1149.99909233302,-6346.87273202084,
5840,-5481140.16485262,-5090889.91453403,-1897806.81218907,3219.88308922711,-1105.86827470067,-6330.64198977191,
5850,-5448703.97375517,-5101727.5454546,-1961029.78505942,3267.30805533256,-1061.6423861399,-6313.86099895902,
5860,-5415794.95211377,-5112122.45823758,-2024082.20297041,3314.44851195317,-1017.32529205487,-6296.53125040582,
5870,-5382415.96556221,-5122073.76018627,-2086958.58600031,3361.30035561164,-972.920865381071,-6278.65428329286,
5880,-5348569.92063913,-5131580.59736951,-2149653.46986033,3407.85950887408,-928.432986228111,-6260.23168500179,
5890,-5314259.76452578,-5140642.1546916,-2212161.40637584,3454.12192071242,-883.865541521867,-6241.26509095467,
5900,-5279488.48478018,-5149257.65595871,-2274476.96396593,3500.08356686405,-839.222424646222,-6221.75618444839,
5910,-5244259.10906764,-5157426.3639416,-2336594.72812133,3545.74045018856,-794.507535084514,-6201.70669648417,
5920,-5208574.7048878,-5165147.58043492,-2398509.30188059,3591.08860102151,-749.724778060821,-6181.11840559229,
5930,-5172438.37929811,-5172420.64631274,-2460215.30630445,3636.12407752513,-704.878064181221,-6159.99313765217,
5940,-5135853.27863378,-5179244.94158061,-2521707.3809484,3680.84296603583,-659.971309075114,-6138.33276570788,
5950,-5098822.58822439,-5185619.88542399,-2582980.18433346,3725.24138140853,-615.008433036673,-6116.13920977938,
5960,-5061349.53210693,-5191544.93625313,-2644028.39441488,3769.31546735791,-569.993360666473,-6093.41443666948,
5970,-5023437.37273555,-5197019.59174431,-2704846.70904905,3813.06139679659,-524.930020513302,-6070.16045976694,
5980,-4985089.41068787,-5202043.38887756,-2765429.84645836,3856.47537217039,-479.82234471612,-6046.37933884551,
5990,-4946308.98436801,-5206615.90397074,-2825772.54569397,3899.55362579079,-434.674268646101,-6022.07317985932,
6000,-4907099.46970627,-5210736.75271011,-2885869.56709666,3942.29242016484,-389.489730548669,-5997.24413473433,
6010,-4867464.27985553,-5214405.59017725,-2945715.69275542,3984.68804832252,-344.272671185398,-5971.89440115603,
6020,-4827406.86488441,-5217622.11087246,-3005305.726964,4026.73683414181,-299.027033475642,-5946.02622235302,
6030,-4786930.71146716,-5220386.04873451,-3064634.49667522,4068.43513267147,-253.756762137774,-5919.64188687648,
6040,-4746039.34257034,-5222697.17715686,-3123696.85195312,4109.77933045156,-208.465803329925,-5892.74372837513,
6050,-4704736.31713636,-5224555.30900026,-3182487.66642274,4150.76584583151,-163.158104290141,-5865.33412536545,
6060,-4663025.22976374,-5225960.29660171,-3241001.83771764,4191.39112928577,-117.837612975938,-5837.41550099693,
6070,-4620909.71038433,-5226912.03177991,-3299234.28792505,4231.65166372658,-72.5082777032767,-5808.99032281202,
6080,-4578393.42393739,-5227410.445837,-3357179.96402858,4271.54396481377,-27.1740467850228,-5780.06110250064,
6090,-4535480.07004056,-5227455.5095567,-3414833.83834842,4311.06458126113,18.1611318309829,-5750.63039564917,
6100,-4492173.3826578,-5227047.23319891,-3472190.90897903,4350.210095139,63.4933109240843,-5720.70080148369,
6110,-4448477.12976436,-5226185.66649056,-3529246.20022426,4388.97712217281,108.81854436301,-5690.27496260771,
6120,-4404395.11300872,-5224870.89861296,-3585994.76302977,4427.36231203718,154.132887467889,-5659.35556473435,
6130,-4359931.16737164,-5223103.05818545,-3642431.67541273,4465.36234864524,199.432397371852,-5627.94533641308,
6140,-4315089.16082241,-5220882.31324545,-3698552.04288886,4502.973950433,244.713133381947,-5596.04704875136,
6150,-4269872.99397216,-5218208.87122498,-3754350.99889656,4540.19387063842,289.971157339131,-5563.66351513135,
6160,-4224286.59972447,-5215082.97892343,-3809823.70521822,4577.01889757522,335.202533977047,-5530.79759092193,
6170,-4178333.94292331,-5211504.92247695,-3864965.35239865,4613.44585490106,380.403331279337,-5497.45217318646,
6180,-4132019.01999825,-5207475.02732411,-3919771.1601605,4649.47160188038,425.569620835235,-5463.63020038641,
6190,-4085345.85860711,-5202993.65816805,-3974236.37781683,4685.09303364156,470.697478193193,-5429.33465208135,
6200,-4038318.51727604,-5198061.21893522,-4028356.28468046,4720.30708142882,515.782983212339,-5394.56854862552,
6210,-3990941.08503716,-5192678.15273043,-4082126.19047051,4755.11071284861,560.822220411578,-5359.33495086134,
6220,-3943217.68106369,-5186844.94178857,-4135541.43571564,4789.50093211097,605.811279316198,-5323.63695981015,
6230,-3895152.45430275,-5180562.1074228,-4188597.39215432,4823.47478026584,650.746254801912,-5287.4777163605,
6240,-3846749.5831058,-5173830.20996937,-4241289.46313197,4857.02933543454,695.62324743628,-5250.86040095429,
6250,-3798013.27485679,-5166649.84872896,-4293613.08399483,4890.16171303687,740.438363817573,-5213.78823327097,
6260,-3748947.76559801,-5159021.66190472,-4345563.72248084,4922.86906601377,785.187716911164,-5176.2644719101,
6270,-3699557.31965388,-5150946.32653692,-4397136.87910719,4955.14858504612,829.867426383588,-5138.29241407226,
6280,-3649846.22925236,-5142424.55843427,-4448328.08755475,4986.99749876971,874.473618934484,-5099.87539523861,
6290,-3599818.81414444,-5133457.11210195,-4499132.91504926,5018.41307398664,919.002428626613,-5061.01678884898,
6300,-3549479.42122135,-5124044.78066631,-4549546.96273931,5049.39261587346,963.449997214199,-5021.72000597849,
6310,-3498832.42412986,-5114188.39579637,-4599565.86607107,5079.93346818596,1007.81247446978,-4981.98849501271,
6320,-3447882.22288542,-5103888.82762193,-4649185.29515974,5110.03301346093,1052.08601850981,-4941.82574132111,
6330,-3396633.24348339,-5093146.98464861,-4698400.95515778,5139.6886732147,1096.26679611905,-4901.23526692885,
6340,-3345089.93750826,-5081963.81366943,-4747208.58661982,5168.89790813876,1140.3509830741,-4860.2206301867,
6350,-3293256.78174092,-5070340.2996734,-4795603.9658642,5197.65821829217,1184.33476446596,-4818.78542543896,
6360,-3241138.27776402,-5058277.46575067,-4843582.90533133,5225.96714329105,1228.21433502181,-4776.93328268932,
6370,-3188738.95156552,-5045776.37299461,-4891141.25393852,5253.82226249487,1271.98589942616,-4734.66786726446,
6380,-3136063.35314028,-5032838.12040063,-4938274.89743156,5281.22119518973,1315.64567264129,-4691.99287947527,
6390,-3083116.05608992,-5019463.84476177,-4984979.75873284,5308.1616007684,1359.18988022708,-4648.91205427554,
6400,-3029901.65722087,-5005654.72056118,-5031251.7982861,5334.6411789071,1402.61475866033,-4605.42916091785,
6410,-2976424.77614065,-4991411.95986131,-5077087.01439762,5360.65766973884,1445.91655565324,-4561.54800260661,
6420,-2922690.05485245,-4976736.81219001,-5122481.44357405,5386.20885402307,1489.09153047127,-4517.27241614803,
6430,-2868702.15734806,-4961630.56442337,-5167431.16085662,5411.29255331161,1532.13595424995,-4472.60627159709,
6440,-2814465.76919908,-4946094.54066546,-5211932.28015189,5435.90663011035,1575.04611031054,-4427.55347190131,
6450,-2759985.59714667,-4930130.10212491,-5255980.95455886,5460.04898803678,1617.81829447427,-4382.11795254164,
6460,-2705266.36868959,-4913738.64698831,-5299573.37669248,5483.71757197301,1660.4488153749,-4336.30368117055,
6470,-2650312.83167081,-4896921.61029059,-5342705.7790036,5506.91036821435,1702.93399476936,-4290.11465724756,
6480,-2595129.75386274,-4879680.46378218,-5385374.43409514,5529.62540461328,1745.2701678462,-4243.55491167258,
6490,-2539721.92255084,-4862016.7157932,-5427575.65503471,5551.86075071892,1787.45368353184,-4196.62850641734,
6500,-2484094.14411606,-4843931.91109455,-5469305.79566343,5573.61451791221,1829.48090479439,-4149.33953415518,
6510,-2428251.24361584,-4825427.63075598,-5510561.25090114,5594.88485953681,1871.34820894509,-4101.69211788957,
6520,-2372198.0643638,-4806505.49200117,-5551338.45704779,5615.66997102602,1913.05198793746,-4053.69041058146,
6530,-2315939.46750832,-4787167.14805981,-5591633.8920812,5635.968090026,1954.58864866428,-4005.33859477571,
6540,-2259480.3316097,-4767414.28801674,-5631444.07595096,5655.77749651528,1995.95461325249,-3956.6408822266,
6550,-2202825.55221635,-4747248.63665813,-5670765.57086872,5675.09651292095,2037.14631935628,-3907.60151352244,
6560,-2145980.04143967,-4726671.95431477,-5709594.98159459,5693.92350423153,2078.16022044866,-3858.22475770923,
6570,-2088948.72752793,-4705686.03670241,-5747928.95571988,5712.25687810667,2118.9927861115,-3808.51491191327,
6580,-2031736.55443896,-4684292.71475923,-5785764.18394597,5730.09508498369,2159.6405023245,-3758.4763009625,
6590,-1974348.48141196,-4662493.85448042,-5823097.40035945,5747.43661818098,2200.09987175299,-3708.11327700638,
6600,-1916789.48253807,-4640291.35674991,-5859925.38270343,5764.28001399829,2240.36741403474,-3657.43021913409,
6610,-1859064.54633013,-4617687.15716918,-5896244.95264499,5780.62385181369,2280.43966606583,-3606.43153299086,
6620,-1801178.67529144,-4594683.22588328,-5932052.97603886,5796.46675417734,2320.3131822853,-3555.12165039207,
6630,-1743136.88548353,-4571281.56740397,-5967346.36318715,5811.80738690176,2359.98453495866,-3503.50502893515,
6640,-1684944.20609315,-4547484.22043006,-6002122.06909522,5826.64445914863,2399.45031445985,-3451.58615160881,
6650,-1626605.67899834,-4523293.25766488,-6036377.09372365,5840.97672351196,2438.70712955146,-3399.36952639989,
6660,-1568126.35833368,-4498710.78563107,-6070108.48223622,5854.80297609747,2477.75160766292,-3346.85968589745,
6670,-1509511.31005486,-4473738.94448245,-6103313.32524395,5868.12205659812,2516.58039516629,-3294.06118689441,
6680,-1450765.61150236,-4448379.90781331,-6135988.75904515,5880.93284836556,2555.19015764946,-3240.97860998684,
6690,-1391894.3509646,-4422635.88246481,-6168131.96586144,5893.23427847751,2593.57758018638,-3187.61655917109,
6700,-1332902.62724031,-4396509.10832887,-6199740.17406968,5905.02531780083,2631.73936760429,-3133.97966143915,
6710,-1273795.54920037,-4370001.85814923,-6230810.65842997,5916.30498105036,2669.67224474768,-3080.07256637263,
6720,-1214578.23534904,-4343116.43732003,-6261340.74030948,5927.07232684341,2707.37295673896,-3025.89994573577,
6730,-1155255.81338468,-4315855.18368174,-6291327.78790221,5937.32645775005,2744.83826923592,-2971.46649306803,
6740,-1095833.41975999,-4288220.46731448,-6320769.21644477,5947.06652033935,2782.06496868606,-2916.77692327647,
6750,-1036316.19924181,-4260214.69032891,-6349662.48842794,5956.29170522176,2819.04986257794,-2861.83597222849,
6760,-976709.304470511,-4231840.28665458,-6378005.11380431,5965.00124708786,2855.78977968983,-2806.64839634495,
6770,-917017.895518994,-4203099.72182575,-6405794.65019175,5973.19442474391,2892.28157033593,-2751.21897219384,
6780,-857247.139451394,-4173995.49276488,-6433028.70307285,5980.87056114433,2928.52210661043,-2695.55249608437,
6790,-797402.209881431,-4144530.12756354,-6459704.92599029,5988.02902342136,2964.50828262956,-2639.65378366134,
6800,-737488.286530502,-4114706.18526104,-6485821.02073822,5994.66922291212,3000.2370147719,-2583.52766949947,
6810,-677510.554785505,-4084526.25562062,-6511374.73754947,6000.79061518301,3035.70524191704,-2527.17900669725,
6820,-617474.205256435,-4053992.95890319,-6536363.87527878,6006.39270005154,3070.90992568243,-2470.61266647022,
6830,-557384.433333777,-4023108.94563884,-6560786.28158195,6011.47502160534,3105.84805065846,-2413.83353774316,
6840,-497246.43874572,-3991876.89639593,-6584639.85309085,6016.03716821843,3140.51662464165,-2356.84652674112,
6850,-437065.425115223,-3960299.52154784,-6607922.5355844,6020.07877256438,3174.9126788656,-2299.65655657927,
6860,-376846.599516969,-3928379.56103747,-6630632.32415543,6023.59951162641,3209.03326822965,-2242.26856685146,
6870,-316595.172034233,-3896119.78413949,-6652767.26337334,6026.59910670425,3242.87547152508,-2184.68751321776,
6880,-256316.35531569,-3863522.98922022,-6674325.44744278,6029.07732341768,3276.43639165865,-2126.91836699101,
6890,-196015.364132218,-3830592.00349544,-6695305.02035804,6031.03397170686,3309.71315587358,-2068.96611472273,
6900,-135697.414933699,-3797329.6827859,-6715704.17605341,6032.46890582933,3342.70291596778,-2010.83575778858,
6910,-75367.72540588,-3763738.9112707,-6735521.15854932,6033.38202435384,3375.40284850971,-1952.53231197357,
6920,-15031.5140273011,-3729822.6012385,-6754754.26209437,6033.77327015095,3407.8101550516,-1894.06080705722,
6930,45306.0003736614,-3695583.69283667,-6773401.8313032,6033.64263038057,3439.92206234055,-1835.42628639891,
6940,105639.599061614,-3661025.15381821,-6791462.26129021,6032.99013647638,3471.73582252744,-1776.63380652354,
6950,165964.063836791,-3626149.97928679,-6808933.99779916,6031.81586412737,3503.24871337383,-1717.68843670758,
6960,226274.177477509,-3590961.1914395,-6825815.53732861,6030.1199332564,3534.45803845721,-1658.59525856581,
6970,286564.724182379,-3555461.83930778,-6842105.42725324,6027.90250799602,3565.36112737455,-1599.35936563862,
6980,346830.490012277,-3519654.99849611,-6857802.26594105,6025.1637966617,3595.95533594455,-1539.98586298006,
6990,407066.263332028,-3483543.77091886,-6872904.70286641,6021.90405172254,3626.23804640879,-1480.47986674652,
7000,467266.835251784,-3447131.28453505,-6887411.43871908,6018.12356976974,3656.20666763194,-1420.84650378606,
7010,527427.000068081,-3410420.69308107,-6901321.22550904,6013.82269148289,3685.85863530146,-1361.09091122798,
7020,587541.555704545,-3373415.17580152,-6914632.86666726,6009.00180159419,3715.191412127,-1301.21823607247,
7030,647605.304152104,-3336117.93717811,-6927345.21714243,6003.66132876121,3744.20248792631,-1241.23363482892,
7040,707613.051907085,-3298532.20665881,-6939457.1834945,5997.80174559218,3772.8893799075,-1181.14227306838,
7050,767559.610414139,-3260661.23837835,-6950967.72398127,5991.42356894347,3801.2496332995,-1120.94932482357,
7060,827439.796504619,-3222508.31088193,-6961875.84864304,5984.52735935537,3829.28082089378,-1060.65997245901,
7070,887248.432834511,-3184076.7268469,-6972180.61938312,5977.1137212061,3856.98054350047,-1000.27940614241,
7080,946980.348322557,-3145369.81280161,-6981881.15004377,5969.18330265928,3884.3464301467,-939.81282342492,
7090,1006630.37858783,-3106390.91884221,-6990976.60647793,5960.73679560711,3911.37613827378,-879.265428818875,
7100,1066193.3663867,-3067143.41834756,-6999466.20661668,5951.77493560892,3938.06735393251,-818.642433373111,
7110,1125664.16204922,-3027630.70769217,-7007349.22053249,5942.29850182474,3964.41779197598,-757.94905424622,
7120,1185037.62391471,-2987856.20595719,-7014624.97049821,5932.30831694379,3990.4251962492,-697.190514278211,
7130,1244308.61876676,-2947823.3546396,-7021292.83104169,5921.8052471081,4016.08733977515,-636.372041561195,
7140,1303472.02226726,-2907535.61735952,-7027352.22899617,5910.79020183134,4041.40202493663,-575.498869009714,
7150,1362522.71938978,-2866996.47956565,-7032802.64354635,5899.26413391343,4066.36708365389,-514.57623393135,
7160,1421455.60485193,-2826209.44823914,-7037643.60627022,5887.22803935144,4090.98037755771,-453.609377598139,
7170,1480265.58354689,-2785178.05159552,-7041874.70117649,5874.68295724741,4115.23979815818,-392.603544819236,
7180,1538947.57097401,-2743905.83878516,-7045495.56473789,5861.62996971365,4139.14326700943,-331.563983515097,
7190,1597496.49366839,-2702396.379592,-7048505.88592014,5848.07020177627,4162.68873587056,-270.49594429329,
7200,1655907.28962958,-2660653.2641307,-7050905.40620673,5834.00482127733,4185.87418686341,-209.404680025889,
7210,1714174.9087492,-2618680.10254224,-7052693.9196194,5819.43503877593,4208.69763262763,-148.295445428226,
7220,1772294.31323762,-2576480.52468796,-7053871.27273454,5804.3621074487,4231.15711647377,-87.1734966386528,
7230,1830260.47804968,-2534058.17984215,-7054437.36469528,5788.78732298938,4253.25071253477,-26.0440907988359,
