tSec,ra,dec,range,range_rate,
0,99999999,99999999,99999999,99999999,
10,99999999,99999999,99999999,99999999,
20,99999999,99999999,99999999,99999999,
30,99999999,99999999,99999999,99999999,
40,99999999,99999999,99999999,99999999,
50,99999999,99999999,99999999,99999999,
60,99999999,99999999,99999999,99999999,
70,99999999,99999999,99999999,99999999,
80,99999999,99999999,99999999,99999999,
90,99999999,99999999,99999999,99999999,
100,99999999,99999999,99999999,99999999,
110,99999999,99999999,99999999,99999999,
120,99999999,99999999,99999999,99999999,
130,99999999,99999999,99999999,99999999,
140,99999999,99999999,99999999,99999999,
150,99999999,99999999,99999999,99999999,
160,99999999,99999999,99999999,99999999,
170,99999999,99999999,99999999,99999999,
180,99999999,99999999,99999999,99999999,
190,99999999,99999999,99999999,99999999,
200,99999999,99999999,99999999,99999999,
210,99999999,99999999,99999999,99999999,
220,99999999,99999999,99999999,99999999,
230,99999999,99999999,99999999,99999999,
240,99999999,99999999,99999999,99999999,
250,99999999,99999999,99999999,99999999,
260,99999999,99999999,99999999,99999999,
270,99999999,99999999,99999999,99999999,
280,99999999,99999999,99999999,99999999,
290,99999999,99999999,99999999,99999999,
300,99999999,99999999,99999999,99999999,
310,99999999,99999999,99999999,99999999,
320,99999999,99999999,99999999,99999999,
330,99999999,99999999,99999999,99999999,
340,99999999,99999999,99999999,99999999,
350,99999999,99999999,99999999,99999999,
360,99999999,99999999,99999999,99999999,
370,99999999,99999999,99999999,99999999,
380,99999999,99999999,99999999,99999999,
390,99999999,99999999,99999999,99999999,
400,99999999,99999999,99999999,99999999,
410,99999999,99999999,99999999,99999999,
420,99999999,99999999,99999999,99999999,
430,99999999,99999999,99999999,99999999,
440,99999999,99999999,99999999,99999999,
450,99999999,99999999,99999999,99999999,
460,99999999,99999999,99999999,99999999,
470,99999999,99999999,99999999,99999999,
480,99999999,99999999,99999999,99999999,
490,99999999,99999999,99999999,99999999,
500,99999999,99999999,99999999,99999999,
510,99999999,99999999,99999999,99999999,
520,99999999,99999999,99999999,99999999,
530,99999999,99999999,99999999,99999999,
540,99999999,99999999,99999999,99999999,
550,99999999,99999999,99999999,99999999,
560,99999999,99999999,99999999,99999999,
570,99999999,99999999,99999999,99999999,
580,99999999,99999999,99999999,99999999,
590,99999999,99999999,99999999,99999999,
600,99999999,99999999,99999999,99999999,
610,99999999,99999999,99999999,99999999,
620,99999999,99999999,99999999,99999999,
630,99999999,99999999,99999999,99999999,
640,99999999,99999999,99999999,99999999,
650,99999999,99999999,99999999,99999999,
660,99999999,99999999,99999999,99999999,
670,99999999,99999999,99999999,99999999,
680,99999999,99999999,99999999,99999999,
690,99999999,99999999,99999999,99999999,
700,99999999,99999999,99999999,99999999,
710,99999999,99999999,99999999,99999999,
720,99999999,99999999,99999999,99999999,
730,99999999,99999999,99999999,99999999,
740,99999999,99999999,99999999,99999999,
750,99999999,99999999,99999999,99999999,
760,99999999,99999999,99999999,99999999,
770,99999999,99999999,99999999,99999999,
780,99999999,99999999,99999999,99999999,
790,99999999,99999999,99999999,99999999,
800,99999999,99999999,99999999,99999999,
810,99999999,99999999,99999999,99999999,
820,99999999,99999999,99999999,99999999,
830,99999999,99999999,99999999,99999999,
840,99999999,99999999,99999999,99999999,
850,99999999,99999999,99999999,99999999,
860,99999999,99999999,99999999,99999999,
870,99999999,99999999,99999999,99999999,
880,99999999,99999999,99999999,99999999,
890,99999999,99999999,99999999,99999999,
900,99999999,99999999,99999999,99999999,
910,99999999,99999999,99999999,99999999,
920,99999999,99999999,99999999,99999999,
930,99999999,99999999,99999999,99999999,
940,99999999,99999999,99999999,99999999,
950,99999999,99999999,99999999,99999999,
960,99999999,99999999,99999999,99999999,
970,99999999,99999999,99999999,99999999,
980,99999999,99999999,99999999,99999999,
990,99999999,99999999,99999999,99999999,
1000,99999999,99999999,99999999,99999999,
1010,99999999,99999999,99999999,99999999,
1020,99999999,99999999,99999999,99999999,
1030,99999999,99999999,99999999,99999999,
1040,99999999,99999999,99999999,99999999,
1050,99999999,99999999,99999999,99999999,
1060,0.188886652969387,0.00115049685665008,2974923.71754373,-6647.10902839372,
1070,0.194234232035434,0.0119730101468157,2908496.06922187,-6638.20205023547,
1080,0.1998331322751,0.0230451952699064,2842164.21744149,-6627.93229386181,
1090,0.20570248596246,0.034383863258046,2775942.33256702,-6616.18921083987,
1100,0.211863373324459,0.0460072595105759,2709845.75412557,-6602.84923708104,
1110,0.218339072013246,0.0579352043266642,2643891.129787,-6587.77398436715,
1120,0.225155344989003,0.0701892472455303,2578096.57381432,-6570.80814727705,
1130,0.232340773691995,0.0827928360311062,2512481.8480672,-6551.7770768666,
1140,0.239927144775053,0.0957715009182997,2447068.56916936,-6530.4839638871,
1150,0.247949900369755,0.109153054364429,2381880.44607146,-6506.70656437218,
1160,0.256448663943816,0.122967805953416,2316943.55296862,-6480.19338896605,
1170,0.265467856363437,0.137248791185344,2252286.64338204,-6450.6592643645,
1180,0.275057419912058,0.152032011515013,2187941.51220121,-6417.78016078182,
1190,0.285273671869136,0.167356680990847,2123943.4136217,-6381.18716375399,
1200,0.29618031397709,0.18326547192632,2060331.5442107,-6340.45945250917,
1210,0.30784962990526,0.19980474784295,1997149.60178788,-6295.11613182851,
1220,0.320363909860264,0.217024765949176,1934446.43240596,-6244.60675194989,
1230,0.333817150001764,0.234979822964227,1872276.77940607,-6188.30034516706,
1240,0.348317084482411,0.253728306207271,1810702.15021583,-6125.47281480908,
1250,0.363987619822746,0.273332595261763,1749791.81808848,-6055.29253909492,
1260,0.380971754809374,0.293858736483894,1689623.97707041,-5976.80411735072,
1270,0.399435083548132,0.31537578093815,1630287.06867328,-5888.91030444604,
1280,0.41956999317258,0.337954633236326,1571881.2973265,-5790.35238550304,
1290,0.44160067776523,0.36166620096445,1514520.3476202,-5679.68957754955,
1300,0.465789089984229,0.386578558453706,1458333.30806018,-5555.27856607535,
1310,0.49244192997579,0.412752741781206,1403466.79131856,-5415.25506642489,
1320,0.521918706319966,0.440236673730972,1350087.21674575,-5257.52042906996,
1330,0.554640759227688,0.469056583716441,1298383.18330474,-5079.73786838342,
1340,0.591100849768896,0.499205156733883,1248567.80549439,-4879.34493369872,
1350,0.631872389469608,0.53062555961259,1200880.80662643,-4653.5912994394,
1360,0.677616457489135,0.563190536249076,1155590.06000498,-4399.61354063321,
1370,0.729083214541773,0.596676086757706,1112992.14083451,-4114.56059230968,
1380,0.787101939069717,0.630730092302793,1073411.31155287,-3795.78376354631,
1390,0.852550581078052,0.664837963353146,1037196.23888255,-3441.10146306797,
1400,0.926291902061579,0.698290359496512,1004713.68367645,-3049.13863307771,
1410,1.00906079485876,0.730162437968855,976338.490899327,-2619.722106014,
1420,1.1012907010188,0.759319343111402,952439.525408857,-2154.28582029959,
1430,1.20288358631586,0.784466418893248,933361.814316537,-1656.20914560562,
1440,1.31296431983879,0.80426004528239,919406.048992439,-1130.98934665901,
1450,1.42971044896368,0.817479914344358,910807.602841824,-586.15212311662,
1460,1.55037856703004,0.823234398954746,907718.00929527,-30.8454987471134,
1470,1.67160602369344,0.821139248208277,910192.027136056,524.86008858343,
1480,1.78993702493898,0.811401314600309,918182.740372707,1070.85355489609,
1490,1.90238497671842,0.794771001864517,931545.673960325,1597.87338629013,
1500,2.00681879978828,0.772384398282576,950051.102879189,2098.2299055908,
1510,2.10207319401577,0.745558574988679,973402.211794373,2566.24025560343,
1520,2.18782798508764,0.715605897339299,1001256.00139109,2998.3450405243,
1530,2.26437432221414,0.683705335749353,1033243.94831214,3392.95559539963,
1540,2.33237296063671,0.650836832974488,1068990.17500166,3750.12594777668,
1550,2.39266091119935,0.617765402357654,1108125.88550079,4071.14955514665,
1560,2.4461202310921,0.58505618920936,1150299.73580245,4358.16023913127,
1570,2.49360030354717,0.553104426690861,1195184.45088385,4613.78619903068,
1580,2.5358783267186,0.522169463520272,1242480.34419914,4840.87806220828,
1590,2.57364399646527,0.492406815905479,1291916.49911641,5042.3122916683,
1600,2.60749806390313,0.463895549869567,1343250.32393884,5220.86038821126,
1610,2.63795803078639,0.436660299658859,1396266.07108061,5379.11013061841,
1620,2.66546693442985,0.410688252525896,1450772.7705488,5519.42501501876,
1630,2.69040295734862,0.385941852972931,1506601.89815328,5643.92998651812,
1640,2.71308869291016,0.362368073133741,1563604.99254946,5754.51413695056,
1650,2.73379953471467,0.339905032139028,1621651.3546677,5852.84353363937,
1660,2.75277100799896,0.318486623530748,1680625.90555414,5940.37942960353,
1670,2.77020504277797,0.298045676121264,1740427.23957327,6018.39871115469,
1680,2.78627527367909,0.27851605266514,1800965.88464877,6088.01460543814,
1690,2.80113148412511,0.25983399012667,1862162.76575762,6150.19648121739,
1700,2.81490331792305,0.241938905798819,1923947.85912602,6205.78811837568,
1710,2.82770337359836,0.224773832625737,1986259.02021041,6255.52417079278,
1720,2.83962978369548,0.208285601439119,2049040.96696148,6300.04476282455,
1730,2.85076836677738,0.192424854134602,2112244.39996152,6339.90828550846,
1740,2.86119442597206,0.177145947234024,2175825.24206183,6375.60252605649,
1750,2.87097425548422,0.162406787497246,2239743.98165909,6407.55429467579,
1760,2.88016640578068,0.148168628473191,2303965.10544396,6436.1377207149,
1770,2.8888227491398,0.13439584775965,2368456.60815748,6461.6813850396,
1780,2.89698937976917,0.12105571826803,2433189.56850358,6484.47444347167,
1790,2.90470737653656,0.108118182222438,2498137.78183965,6504.77188086541,
1800,2.91201345131961,0.0955556334231623,2563277.44158189,6522.79901924123,
1810,2.91894050186811,0.0833427110821241,2628586.86241738,6538.75538766393,
1820,2.92551808472316,0.071456107010657,2694046.23941715,6552.81804695039,
1830,2.93177282100905,0.0598743869056822,2759637.43800864,6565.14444914384,
1840,2.93772874568985,0.0485778257939322,2825343.81050589,6575.874900091,
1850,2.94340760906724,0.0375482572515689,2891150.03552752,6585.1346833623,
1860,2.94882913781227,0.0267689357443669,2957041.97717033,6593.03589504967,
1870,2.95401126160755,0.0162244112788957,3023006.56126336,6599.67903151678,
1880,2.95897031047749,0.00590041548048555,3089031.66641537,6605.15436581576,
1890,99999999,99999999,99999999,99999999,
1900,99999999,99999999,99999999,99999999,
1910,99999999,99999999,99999999,99999999,
1920,99999999,99999999,99999999,99999999,
1930,99999999,99999999,99999999,99999999,
1940,99999999,99999999,99999999,99999999,
1950,99999999,99999999,99999999,99999999,
1960,99999999,99999999,99999999,99999999,
1970,99999999,99999999,99999999,99999999,
1980,99999999,99999999,99999999,99999999,
1990,99999999,99999999,99999999,99999999,
2000,99999999,99999999,99999999,99999999,
2010,99999999,99999999,99999999,99999999,
2020,99999999,99999999,99999999,99999999,
2030,99999999,99999999,99999999,99999999,
2040,99999999,99999999,99999999,99999999,
2050,99999999,99999999,99999999,99999999,
2060,99999999,99999999,99999999,99999999,
2070,99999999,99999999,99999999,99999999,
2080,99999999,99999999,99999999,99999999,
2090,99999999,99999999,99999999,99999999,
2100,99999999,99999999,99999999,99999999,
2110,99999999,99999999,99999999,99999999,
2120,99999999,99999999,99999999,99999999,
2130,99999999,99999999,99999999,99999999,
2140,99999999,99999999,99999999,99999999,
2150,99999999,99999999,99999999,99999999,
2160,99999999,99999999,99999999,99999999,
2170,99999999,99999999,99999999,99999999,
2180,99999999,99999999,99999999,99999999,
2190,99999999,99999999,99999999,99999999,
2200,99999999,99999999,99999999,99999999,
2210,99999999,99999999,99999999,99999999,
2220,99999999,99999999,99999999,99999999,
2230,99999999,99999999,99999999,99999999,
2240,99999999,99999999,99999999,99999999,
2250,99999999,99999999,99999999,99999999,
2260,99999999,99999999,99999999,99999999,
2270,99999999,99999999,99999999,99999999,
2280,99999999,99999999,99999999,99999999,
2290,99999999,99999999,99999999,99999999,
2300,99999999,99999999,99999999,99999999,
2310,99999999,99999999,99999999,99999999,
2320,99999999,99999999,99999999,99999999,
2330,99999999,99999999,99999999,99999999,
2340,99999999,99999999,99999999,99999999,
2350,99999999,99999999,99999999,99999999,
2360,99999999,99999999,99999999,99999999,
2370,99999999,99999999,99999999,99999999,
2380,99999999,99999999,99999999,99999999,
2390,99999999,99999999,99999999,99999999,
2400,99999999,99999999,99999999,99999999,
2410,99999999,99999999,99999999,99999999,
2420,99999999,99999999,99999999,99999999,
2430,99999999,99999999,99999999,99999999,
2440,99999999,99999999,99999999,99999999,
2450,99999999,99999999,99999999,99999999,
2460,99999999,99999999,99999999,99999999,
2470,99999999,99999999,99999999,99999999,
2480,99999999,99999999,99999999,99999999,
2490,99999999,99999999,99999999,99999999,
2500,99999999,99999999,99999999,99999999,
2510,99999999,99999999,99999999,99999999,
2520,99999999,99999999,99999999,99999999,
2530,99999999,99999999,99999999,99999999,
2540,99999999,99999999,99999999,99999999,
2550,99999999,99999999,99999999,99999999,
2560,99999999,99999999,99999999,99999999,
2570,99999999,99999999,99999999,99999999,
2580,99999999,99999999,99999999,99999999,
2590,99999999,99999999,99999999,99999999,
2600,99999999,99999999,99999999,99999999,
2610,99999999,99999999,99999999,99999999,
2620,99999999,99999999,99999999,99999999,
2630,99999999,99999999,99999999,99999999,
2640,99999999,99999999,99999999,99999999,
2650,99999999,99999999,99999999,99999999,
2660,99999999,99999999,99999999,99999999,
2670,99999999,99999999,99999999,99999999,
2680,99999999,99999999,99999999,99999999,
2690,99999999,99999999,99999999,99999999,
2700,99999999,99999999,99999999,99999999,
2710,99999999,99999999,99999999,99999999,
2720,99999999,99999999,99999999,99999999,
2730,99999999,99999999,99999999,99999999,
2740,99999999,99999999,99999999,99999999,
2750,99999999,99999999,99999999,99999999,
2760,99999999,99999999,99999999,99999999,
2770,99999999,99999999,99999999,99999999,
2780,99999999,99999999,99999999,99999999,
2790,99999999,99999999,99999999,99999999,
2800,99999999,99999999,99999999,99999999,
2810,99999999,99999999,99999999,99999999,
2820,99999999,99999999,99999999,99999999,
2830,99999999,99999999,99999999,99999999,
2840,99999999,99999999,99999999,99999999,
2850,99999999,99999999,99999999,99999999,
2860,99999999,99999999,99999999,99999999,
2870,99999999,99999999,99999999,99999999,
2880,99999999,99999999,99999999,99999999,
2890,99999999,99999999,99999999,99999999,
2900,99999999,99999999,99999999,99999999,
2910,99999999,99999999,99999999,99999999,
2920,99999999,99999999,99999999,99999999,
2930,99999999,99999999,99999999,99999999,
2940,99999999,99999999,99999999,99999999,
2950,99999999,99999999,99999999,99999999,
2960,99999999,99999999,99999999,99999999,
2970,99999999,99999999,99999999,99999999,
2980,99999999,99999999,99999999,99999999,
2990,99999999,99999999,99999999,99999999,
3000,99999999,99999999,99999999,99999999,
3010,99999999,99999999,99999999,99999999,
3020,99999999,99999999,99999999,99999999,
3030,99999999,99999999,99999999,99999999,
3040,99999999,99999999,99999999,99999999,
3050,99999999,99999999,99999999,99999999,
3060,99999999,99999999,99999999,99999999,
3070,99999999,99999999,99999999,99999999,
3080,99999999,99999999,99999999,99999999,
3090,99999999,99999999,99999999,99999999,
3100,99999999,99999999,99999999,99999999,
3110,99999999,99999999,99999999,99999999,
3120,99999999,99999999,99999999,99999999,
3130,99999999,99999999,99999999,99999999,
3140,99999999,99999999,99999999,99999999,
3150,99999999,99999999,99999999,99999999,
3160,99999999,99999999,99999999,99999999,
3170,99999999,99999999,99999999,99999999,
3180,99999999,99999999,99999999,99999999,
3190,99999999,99999999,99999999,99999999,
3200,99999999,99999999,99999999,99999999,
3210,99999999,99999999,99999999,99999999,
3220,99999999,99999999,99999999,99999999,
3230,99999999,99999999,99999999,99999999,
3240,99999999,99999999,99999999,99999999,
3250,99999999,99999999,99999999,99999999,
3260,99999999,99999999,99999999,99999999,
3270,99999999,99999999,99999999,99999999,
3280,99999999,99999999,99999999,99999999,
3290,99999999,99999999,99999999,99999999,
3300,99999999,99999999,99999999,99999999,
3310,99999999,99999999,99999999,99999999,
3320,99999999,99999999,99999999,99999999,
3330,99999999,99999999,99999999,99999999,
3340,99999999,99999999,99999999,99999999,
3350,99999999,99999999,99999999,99999999,
3360,99999999,99999999,99999999,99999999,
3370,99999999,99999999,99999999,99999999,
3380,99999999,99999999,99999999,99999999,
3390,99999999,99999999,99999999,99999999,
3400,99999999,99999999,99999999,99999999,
3410,99999999,99999999,99999999,99999999,
3420,99999999,99999999,99999999,99999999,
3430,99999999,99999999,99999999,99999999,
3440,99999999,99999999,99999999,99999999,
3450,99999999,99999999,99999999,99999999,
3460,99999999,99999999,99999999,99999999,
3470,99999999,99999999,99999999,99999999,
3480,99999999,99999999,99999999,99999999,
3490,99999999,99999999,99999999,99999999,
3500,99999999,99999999,99999999,99999999,
3510,99999999,99999999,99999999,99999999,
3520,99999999,99999999,99999999,99999999,
3530,99999999,99999999,99999999,99999999,
3540,99999999,99999999,99999999,99999999,
3550,99999999,99999999,99999999,99999999,
3560,99999999,99999999,99999999,99999999,
3570,99999999,99999999,99999999,99999999,
3580,99999999,99999999,99999999,99999999,
3590,99999999,99999999,99999999,99999999,
3600,99999999,99999999,99999999,99999999,
3610,99999999,99999999,99999999,99999999,
3620,99999999,99999999,99999999,99999999,
3630,99999999,99999999,99999999,99999999,
3640,99999999,99999999,99999999,99999999,
3650,99999999,99999999,99999999,99999999,
3660,99999999,99999999,99999999,99999999,
3670,99999999,99999999,99999999,99999999,
3680,99999999,99999999,99999999,99999999,
3690,99999999,99999999,99999999,99999999,
3700,99999999,99999999,99999999,99999999,
3710,99999999,99999999,99999999,99999999,
3720,99999999,99999999,99999999,99999999,
3730,99999999,99999999,99999999,99999999,
3740,99999999,99999999,99999999,99999999,
3750,99999999,99999999,99999999,99999999,
3760,99999999,99999999,99999999,99999999,
3770,99999999,99999999,99999999,99999999,
3780,99999999,99999999,99999999,99999999,
3790,99999999,99999999,99999999,99999999,
3800,99999999,99999999,99999999,99999999,
3810,99999999,99999999,99999999,99999999,
3820,99999999,99999999,99999999,99999999,
3830,99999999,99999999,99999999,99999999,
3840,99999999,99999999,99999999,99999999,
3850,99999999,99999999,99999999,99999999,
3860,99999999,99999999,99999999,99999999,
3870,99999999,99999999,99999999,99999999,
3880,99999999,99999999,99999999,99999999,
3890,99999999,99999999,99999999,99999999,
3900,99999999,99999999,99999999,99999999,
3910,99999999,99999999,99999999,99999999,
3920,99999999,99999999,99999999,99999999,
3930,99999999,99999999,99999999,99999999,
3940,99999999,99999999,99999999,99999999,
3950,99999999,99999999,99999999,99999999,
3960,99999999,99999999,99999999,99999999,
3970,99999999,99999999,99999999,99999999,
3980,99999999,99999999,99999999,99999999,
3990,99999999,99999999,99999999,99999999,
4000,99999999,99999999,99999999,99999999,
4010,99999999,99999999,99999999,99999999,
4020,99999999,99999999,99999999,99999999,
4030,99999999,99999999,99999999,99999999,
4040,99999999,99999999,99999999,99999999,
4050,99999999,99999999,99999999,99999999,
4060,99999999,99999999,99999999,99999999,
4070,99999999,99999999,99999999,99999999,
4080,99999999,99999999,99999999,99999999,
4090,99999999,99999999,99999999,99999999,
4100,99999999,99999999,99999999,99999999,
4110,99999999,99999999,99999999,99999999,
4120,99999999,99999999,99999999,99999999,
4130,99999999,99999999,99999999,99999999,
4140,99999999,99999999,99999999,99999999,
4150,99999999,99999999,99999999,99999999,
4160,99999999,99999999,99999999,99999999,
4170,99999999,99999999,99999999,99999999,
4180,99999999,99999999,99999999,99999999,
4190,99999999,99999999,99999999,99999999,
4200,99999999,99999999,99999999,99999999,
4210,99999999,99999999,99999999,99999999,
4220,99999999,99999999,99999999,99999999,
4230,99999999,99999999,99999999,99999999,
4240,99999999,99999999,99999999,99999999,
4250,99999999,99999999,99999999,99999999,
4260,99999999,99999999,99999999,99999999,
4270,99999999,99999999,99999999,99999999,
4280,99999999,99999999,99999999,99999999,
4290,99999999,99999999,99999999,99999999,
4300,99999999,99999999,99999999,99999999,
4310,99999999,99999999,99999999,99999999,
4320,99999999,99999999,99999999,99999999,
4330,99999999,99999999,99999999,99999999,
4340,99999999,99999999,99999999,99999999,
4350,99999999,99999999,99999999,99999999,
4360,99999999,99999999,99999999,99999999,
4370,99999999,99999999,99999999,99999999,
4380,99999999,99999999,99999999,99999999,
4390,99999999,99999999,99999999,99999999,
4400,99999999,99999999,99999999,99999999,
4410,99999999,99999999,99999999,99999999,
4420,99999999,99999999,99999999,99999999,
4430,99999999,99999999,99999999,99999999,
4440,99999999,99999999,99999999,99999999,
4450,99999999,99999999,99999999,99999999,
4460,99999999,99999999,99999999,99999999,
4470,99999999,99999999,99999999,99999999,
4480,99999999,99999999,99999999,99999999,
4490,99999999,99999999,99999999,99999999,
4500,99999999,99999999,99999999,99999999,
4510,99999999,99999999,99999999,99999999,
4520,99999999,99999999,99999999,99999999,
4530,99999999,99999999,99999999,99999999,
4540,99999999,99999999,99999999,99999999,
4550,99999999,99999999,99999999,99999999,
4560,99999999,99999999,99999999,99999999,
4570,99999999,99999999,99999999,99999999,
4580,99999999,99999999,99999999,99999999,
4590,99999999,99999999,99999999,99999999,
4600,99999999,99999999,99999999,99999999,
4610,99999999,99999999,99999999,99999999,
4620,99999999,99999999,99999999,99999999,
4630,99999999,99999999,99999999,99999999,
4640,99999999,99999999,99999999,99999999,
4650,99999999,99999999,99999999,99999999,
4660,99999999,99999999,99999999,99999999,
4670,99999999,99999999,99999999,99999999,
4680,99999999,99999999,99999999,99999999,
4690,99999999,99999999,99999999,99999999,
4700,99999999,99999999,99999999,99999999,
4710,99999999,99999999,99999999,99999999,
4720,99999999,99999999,99999999,99999999,
4730,99999999,99999999,99999999,99999999,
4740,99999999,99999999,99999999,99999999,
4750,99999999,99999999,99999999,99999999,
4760,99999999,99999999,99999999,99999999,
4770,99999999,99999999,99999999,99999999,
4780,99999999,99999999,99999999,99999999,
4790,99999999,99999999,99999999,99999999,
4800,99999999,99999999,99999999,99999999,
4810,99999999,99999999,99999999,99999999,
4820,99999999,99999999,99999999,99999999,
4830,99999999,99999999,99999999,99999999,
4840,99999999,99999999,99999999,99999999,
4850,99999999,99999999,99999999,99999999,
4860,99999999,99999999,99999999,99999999,
4870,99999999,99999999,99999999,99999999,
4880,99999999,99999999,99999999,99999999,
4890,99999999,99999999,99999999,99999999,
4900,99999999,99999999,99999999,99999999,
4910,99999999,99999999,99999999,99999999,
4920,99999999,99999999,99999999,99999999,
4930,99999999,99999999,99999999,99999999,
4940,99999999,99999999,99999999,99999999,
4950,99999999,99999999,99999999,99999999,
4960,99999999,99999999,99999999,99999999,
4970,99999999,99999999,99999999,99999999,
4980,99999999,99999999,99999999,99999999,
4990,99999999,99999999,99999999,99999999,
5000,99999999,99999999,99999999,99999999,
5010,99999999,99999999,99999999,99999999,
5020,99999999,99999999,99999999,99999999,
5030,99999999,99999999,99999999,99999999,
5040,99999999,99999999,99999999,99999999,
5050,99999999,99999999,99999999,99999999,
5060,99999999,99999999,99999999,99999999,
5070,99999999,99999999,99999999,99999999,
5080,99999999,99999999,99999999,99999999,
5090,99999999,99999999,99999999,99999999,
5100,99999999,99999999,99999999,99999999,
5110,99999999,99999999,99999999,99999999,
5120,99999999,99999999,99999999,99999999,
5130,99999999,99999999,99999999,99999999,
5140,99999999,99999999,99999999,99999999,
5150,99999999,99999999,99999999,99999999,
5160,99999999,99999999,99999999,99999999,
5170,99999999,99999999,99999999,99999999,
5180,99999999,99999999,99999999,99999999,
5190,99999999,99999999,99999999,99999999,
5200,99999999,99999999,99999999,99999999,
5210,99999999,99999999,99999999,99999999,
5220,99999999,99999999,99999999,99999999,
5230,99999999,99999999,99999999,99999999,
5240,99999999,99999999,99999999,99999999,
5250,99999999,99999999,99999999,99999999,
5260,99999999,99999999,99999999,99999999,
5270,99999999,99999999,99999999,99999999,
5280,99999999,99999999,99999999,99999999,
5290,99999999,99999999,99999999,99999999,
5300,99999999,99999999,99999999,99999999,
5310,99999999,99999999,99999999,99999999,
5320,99999999,99999999,99999999,99999999,
5330,99999999,99999999,99999999,99999999,
5340,99999999,99999999,99999999,99999999,
5350,99999999,99999999,99999999,99999999,
5360,99999999,99999999,99999999,99999999,
5370,99999999,99999999,99999999,99999999,
5380,99999999,99999999,99999999,99999999,
5390,99999999,99999999,99999999,99999999,
5400,99999999,99999999,99999999,99999999,
5410,99999999,99999999,99999999,99999999,
5420,99999999,99999999,99999999,99999999,
5430,99999999,99999999,99999999,99999999,
5440,99999999,99999999,99999999,99999999,
5450,99999999,99999999,99999999,99999999,
5460,99999999,99999999,99999999,99999999,
5470,99999999,99999999,99999999,99999999,
5480,99999999,99999999,99999999,99999999,
5490,99999999,99999999,99999999,99999999,
5500,99999999,99999999,99999999,99999999,
5510,99999999,99999999,99999999,99999999,
5520,99999999,99999999,99999999,99999999,
5530,99999999,99999999,99999999,99999999,
5540,99999999,99999999,99999999,99999999,
5550,99999999,99999999,99999999,99999999,
5560,99999999,99999999,99999999,99999999,
5570,99999999,99999999,99999999,99999999,
5580,99999999,99999999,99999999,99999999,
5590,99999999,99999999,99999999,99999999,
5600,99999999,99999999,99999999,99999999,
5610,99999999,99999999,99999999,99999999,
5620,99999999,99999999,99999999,99999999,
5630,99999999,99999999,99999999,99999999,
5640,99999999,99999999,99999999,99999999,
5650,99999999,99999999,99999999,99999999,
5660,99999999,99999999,99999999,99999999,
5670,99999999,99999999,99999999,99999999,
5680,99999999,99999999,99999999,99999999,
5690,99999999,99999999,99999999,99999999,
5700,99999999,99999999,99999999,99999999,
5710,99999999,99999999,99999999,99999999,
5720,99999999,99999999,99999999,99999999,
5730,99999999,99999999,99999999,99999999,
5740,99999999,99999999,99999999,99999999,
5750,99999999,99999999,99999999,99999999,
5760,99999999,99999999,99999999,99999999,
5770,99999999,99999999,99999999,99999999,
5780,99999999,99999999,99999999,99999999,
5790,99999999,99999999,99999999,99999999,
5800,99999999,99999999,99999999,99999999,
5810,99999999,99999999,99999999,99999999,
5820,99999999,99999999,99999999,99999999,
5830,99999999,99999999,99999999,99999999,
5840,99999999,99999999,99999999,99999999,
5850,99999999,99999999,99999999,99999999,
5860,99999999,99999999,99999999,99999999,
5870,99999999,99999999,99999999,99999999,
5880,99999999,99999999,99999999,99999999,
5890,99999999,99999999,99999999,99999999,
5900,99999999,99999999,99999999,99999999,
5910,99999999,99999999,99999999,99999999,
5920,99999999,99999999,99999999,99999999,
5930,99999999,99999999,99999999,99999999,
5940,99999999,99999999,99999999,99999999,
5950,99999999,99999999,99999999,99999999,
5960,99999999,99999999,99999999,99999999,
5970,99999999,99999999,99999999,99999999,
5980,99999999,99999999,99999999,99999999,
5990,99999999,99999999,99999999,99999999,
6000,99999999,99999999,99999999,99999999,
6010,99999999,99999999,99999999,99999999,
6020,99999999,99999999,99999999,99999999,
6030,99999999,99999999,99999999,99999999,
6040,99999999,99999999,99999999,99999999,
6050,99999999,99999999,99999999,99999999,
6060,99999999,99999999,99999999,99999999,
6070,99999999,99999999,99999999,99999999,
6080,99999999,99999999,99999999,99999999,
6090,99999999,99999999,99999999,99999999,
6100,99999999,99999999,99999999,99999999,
6110,99999999,99999999,99999999,99999999,
6120,99999999,99999999,99999999,99999999,
6130,99999999,99999999,99999999,99999999,
6140,99999999,99999999,99999999,99999999,
6150,99999999,99999999,99999999,99999999,
6160,99999999,99999999,99999999,99999999,
6170,99999999,99999999,99999999,99999999,
6180,99999999,99999999,99999999,99999999,
6190,99999999,99999999,99999999,99999999,
6200,99999999,99999999,99999999,99999999,
6210,99999999,99999999,99999999,99999999,
6220,99999999,99999999,99999999,99999999,
6230,99999999,99999999,99999999,99999999,
6240,99999999,99999999,99999999,99999999,
6250,99999999,99999999,99999999,99999999,
6260,99999999,99999999,99999999,99999999,
6270,99999999,99999999,99999999,99999999,
6280,99999999,99999999,99999999,99999999,
6290,99999999,99999999,99999999,99999999,
6300,99999999,99999999,99999999,99999999,
6310,99999999,99999999,99999999,99999999,
6320,99999999,99999999,99999999,99999999,
6330,99999999,99999999,99999999,99999999,
6340,99999999,99999999,99999999,99999999,
6350,99999999,99999999,99999999,99999999,
6360,99999999,99999999,99999999,99999999,
6370,99999999,99999999,99999999,99999999,
6380,99999999,99999999,99999999,99999999,
6390,99999999,99999999,99999999,99999999,
6400,99999999,99999999,99999999,99999999,
6410,99999999,99999999,99999999,99999999,
6420,99999999,99999999,99999999,99999999,
6430,99999999,99999999,99999999,99999999,
6440,99999999,99999999,99999999,99999999,
6450,99999999,99999999,99999999,99999999,
6460,99999999,99999999,99999999,99999999,
6470,99999999,99999999,99999999,99999999,
6480,99999999,99999999,99999999,99999999,
6490,99999999,99999999,99999999,99999999,
6500,99999999,99999999,99999999,99999999,
6510,99999999,99999999,99999999,99999999,
6520,99999999,99999999,99999999,99999999,
6530,99999999,99999999,99999999,99999999,
6540,99999999,99999999,99999999,99999999,
6550,99999999,99999999,99999999,99999999,
6560,99999999,99999999,99999999,99999999,
6570,99999999,99999999,99999999,99999999,
6580,99999999,99999999,99999999,99999999,
6590,99999999,99999999,99999999,99999999,
6600,99999999,99999999,99999999,99999999,
6610,99999999,99999999,99999999,99999999,
6620,99999999,99999999,99999999,99999999,
6630,99999999,99999999,99999999,99999999,
6640,99999999,99999999,99999999,99999999,
6650,99999999,99999999,99999999,99999999,
6660,99999999,99999999,99999999,99999999,
6670,99999999,99999999,99999999,99999999,
6680,99999999,99999999,99999999,99999999,
6690,99999999,99999999,99999999,99999999,
6700,99999999,99999999,99999999,99999999,
6710,99999999,99999999,99999999,99999999,
6720,99999999,99999999,99999999,99999999,
6730,99999999,99999999,99999999,99999999,
6740,99999999,99999999,99999999,99999999,
6750,99999999,99999999,99999999,99999999,
6760,99999999,99999999,99999999,99999999,
6770,99999999,99999999,99999999,99999999,
6780,99999999,99999999,99999999,99999999,
6790,99999999,99999999,99999999,99999999,
6800,99999999,99999999,99999999,99999999,
6810,99999999,99999999,99999999,99999999,
6820,99999999,99999999,99999999,99999999,
6830,99999999,99999999,99999999,99999999,
6840,99999999,99999999,99999999,99999999,
6850,99999999,99999999,99999999,99999999,
6860,99999999,99999999,99999999,99999999,
6870,99999999,99999999,99999999,99999999,
6880,99999999,99999999,99999999,99999999,
6890,99999999,99999999,99999999,99999999,
6900,99999999,99999999,99999999,99999999,
6910,99999999,99999999,99999999,99999999,
6920,99999999,99999999,99999999,99999999,
6930,99999999,99999999,99999999,99999999,
6940,99999999,99999999,99999999,99999999,
6950,99999999,99999999,99999999,99999999,
6960,99999999,99999999,99999999,99999999,
6970,99999999,99999999,99999999,99999999,
6980,0.18716084378663,-0.000715584128260909,2987095.71655136,-6648.13549057227,
6990,0.192462691400792,0.0100649247292442,2920656.64869181,-6639.46248070569,
7000,0.198012462809556,0.0210922479506883,2854310.94481591,-6629.44561434233,
7010,0.203828950830473,0.0323829523234815,2788072.57520967,-6617.97656258716,
7020,0.20993285350938,0.0439550149632363,2721956.65563612,-6604.9342863429,
7030,0.216347017116802,0.0558279614343608,2655979.58302644,-6590.1832759969,
7040,0.223096716412158,0.0680230175113464,2590159.19011929,-6573.57151484168,
7050,0.230209978826051,0.0805632754442479,2524514.92204116,-6554.9281188811,
7060,0.237717960553119,0.0934738753946003,2459068.03833488,-6534.06059738109,
7070,0.245655384187955,0.106782202367407,2393841.84454634,-6510.75166891655,
7080,0.254061049544509,0.120518098416302,2328861.95818632,-6484.75555658142,
7090,0.262978431761267,0.134714089051766,2264156.61470947,-6455.79367336765,
7100,0.272456383816272,0.149405621509135,2199757.02011233,-6423.54959452654,
7110,0.282549964285958,0.16463131065639,2135697.75786054,-6387.66319828054,
7120,0.293321415733483,0.180433185593213,2072017.25912163,-6347.72384017516,
7130,0.304841324685065,0.196856926067499,2008758.34670638,-6303.26241079551,
7140,0.317190000947921,0.213952072235028,1945968.86469247,-6253.74211349041,
7150,0.330459122251602,0.231772183353247,1883702.40738138,-6198.54779143381,
7160,0.344753700045969,0.250374909829968,1822019.16293928,-6136.97363712361,
7170,0.36019443387372,0.269821927423269,1760986.88864635,-6068.20914065783,
7180,0.376920534964342,0.290178660685903,1700682.03587132,-5991.32318871664,
7190,0.395093114064416,0.311513692849083,1641191.04328596,-5905.24633342004,
7200,0.414899242707484,0.333897718577592,1582611.81578807,-5808.75143733202,
7210,0.436556808296832,0.357401841212632,1525055.40312411,-5700.43320788409,
7220,0.460320285932175,0.382094943792396,1468647.88483435,-5578.68761615451,
7230,0.486487533377978,0.408039770280001,1413532.45479572,-5441.69292228502,
7240,0.515407661004526,0.435287239030292,1359871.6764385,-5287.39508754316,
7250,0.547489902686289,0.463868378792498,1307849.84491997,-5113.5018275512,
7260,0.583213159910132,0.493783143809535,1257675.34064963,-4917.49151025833,
7270,0.623135416929429,0.524985265590143,1209582.7848838,-4696.64549289411,
7280,0.667901385735952,0.557362309357671,1163834.70916588,-4448.1150908497,
7290,0.718245332388452,0.590710359169586,1120722.3267137,-4169.03657831427,
7300,0.774983822857778,0.62470348208612,1080564.85466407,-3856.70826302776,
7310,0.838989959311401,0.658859646778542,1043706.70588182,-3508.84086162812,
7320,0.911136853699494,0.692507484630407,1010511.79456724,-3123.88363093831,
7330,0.992195108063532,0.724762435099658,981354.2531578,-2701.41162865016,
7340,1.08267082480565,0.754526027212922,956605.127107344,-2242.5335989037,
7350,1.18258413356007,0.780526388405548,936615.17197403,-1750.24927978814,
7360,1.2912208138952,0.801417146756472,921694.72491529,-1229.66000644195,
7370,1.40693886012135,0.815939501633041,912092.624304908,-687.933510273671,
7380,1.5271497265826,0.823125275753426,907977.007660262,-133.957560688846,
7390,1.64856833170308,0.82248607573295,909421.138579505,422.310929502463,
7400,1.76770915126536,0.814118914969986,916396.899544086,970.705115217464,
7410,1.88145995362808,0.798683140772989,928777.244565062,1501.75012524931,
7420,1.9875133228444,0.77725889582942,946347.120816658,2007.42709457991,
7430,2.08452845763364,0.75114552643183,968820.753304346,2481.66606955706,
7440,2.17204498939607,0.721668382874411,995862.265327076,2920.51991501272,
7450,2.25026066863947,0.690038242292924,1027106.56580939,3322.05542762814,
7460,2.31978505838758,0.657274631435626,1062178.09235486,3686.0503469839,
7470,2.38143502283755,0.624182129538276,1100705.98001627,4013.59761768487,
7480,2.43609218701452,0.591361064702951,1142335.17224583,4306.70128810577,
7490,2.48461640285677,0.559235702723708,1186733.68940686,4567.9186321872,
7500,2.5278003279949,0.528088112537965,1233596.66652442,4800.07408321156,
7510,2.56635054809628,0.498090875024181,1282647.91371509,5006.04926119856,
7520,2.60088419385202,0.469335432341436,1333639.72666976,5188.64098999027,
7530,2.63193370768691,0.441855099713562,1386351.56245323,5350.47396274348,
7540,2.65995528623683,0.415642935982179,1440588.056341,5493.95404425303,
7550,2.68533846303485,0.390665179443724,1496176.7224672,5621.24987631433,
7560,2.70841550133077,0.366871094279926,1552965.57008691,5734.29298015619,
7570,2.72946997359121,0.344200028987448,1610820.78209117,5834.78908813728,
7580,2.74874429726848,0.322586370636173,1669624.54096335,5924.23560633184,
7590,2.76644620243013,0.301962944627373,1729273.04524315,6003.9418019868,
7600,2.78275420576732,0.282263285347045,1789674.73205882,6075.04955144655,
7610,2.79782220549196,0.263423098544487,1850748.70426519,6138.55335377549,
7620,2.81178332068583,0.245381152963386,1912423.35090743,6195.31890100946,
7630,2.82475309258963,0.228079774638325,1974635.14468285,6246.09987597293,
7640,2.83683215277256,0.211465069054263,2037327.59806371,6291.55288526829,
7650,2.84810844866424,0.195486960693703,2100450.35958408,6332.25057496618,
7660,2.85865910282446,0.180099113415385,2163958.43269427,6368.6930530199,
7670,2.86855196957962,0.165258776212498,2227811.50103254,6401.31777856316,
7680,2.87784694161241,0.150926585307169,2291973.34563872,6430.50808959375,
7690,2.88659704976175,0.137066343823453,2356411.3413415,6456.60053736057,
7700,2.89484939152966,0.123644793377954,2421096.02118424,6479.89118467332,
7710,2.90264591739927,0.110631387051485,2486000.69925317,6500.64101050322,
7720,2.9100240988333,0.0979980697846336,2551101.14361609,6519.08054716673,
7730,2.91701749755074,0.0857190698598884,2616375.2922624,6535.41386054938,
7740,2.92365625219855,0.0737707034936501,2681803.00596491,6549.82196902373,
7750,2.9299674957006,0.0621311934477264,2747365.85287222,6562.46578331351,
7760,2.93597571425559,0.0507805018274991,2813046.92040228,6573.48863767931,
7770,2.94170305707117,0.0397001767523105,2878830.65065828,6583.01847243032,
7780,2.94716960438016,0.0288732122840961,2944702.69614251,6591.16971880583,
7790,2.95239360002367,0.0182839208267348,3010649.79301426,6598.04492958662,
7800,2.95739165384955,0.00791781712115744,3076659.64953846,6603.73619224201,
7810,99999999,99999999,99999999,99999999,
7820,99999999,99999999,99999999,99999999,
7830,99999999,99999999,99999999,99999999,
7840,99999999,99999999,99999999,99999999,
7850,99999999,99999999,99999999,99999999,
7860,99999999,99999999,99999999,99999999,
7870,99999999,99999999,99999999,99999999,
7880,99999999,99999999,99999999,99999999,
7890,99999999,99999999,99999999,99999999,
7900,99999999,99999999,99999999,99999999,
7910,99999999,99999999,99999999,99999999,
7920,99999999,99999999,99999999,99999999,
7930,99999999,99999999,99999999,99999999,
7940,99999999,99999999,99999999,99999999,
7950,99999999,99999999,99999999,99999999,
7960,99999999,99999999,99999999,99999999,
7970,99999999,99999999,99999999,99999999,
7980,99999999,99999999,99999999,99999999,
7990,99999999,99999999,99999999,99999999,
8000,99999999,99999999,99999999,99999999,
8010,99999999,99999999,99999999,99999999,
8020,99999999,99999999,99999999,99999999,
8030,99999999,99999999,99999999,99999999,
8040,99999999,99999999,99999999,99999999,
8050,99999999,99999999,99999999,99999999,
8060,99999999,99999999,99999999,99999999,
8070,99999999,99999999,99999999,99999999,
8080,99999999,99999999,99999999,99999999,
8090,99999999,99999999,99999999,99999999,
8100,99999999,99999999,99999999,99999999,
8110,99999999,99999999,99999999,99999999,
8120,99999999,99999999,99999999,99999999,
8130,99999999,99999999,99999999,99999999,
8140,99999999,99999999,99999999,99999999,
8150,99999999,99999999,99999999,99999999,
8160,99999999,99999999,99999999,99999999,
8170,99999999,99999999,99999999,99999999,
8180,99999999,99999999,99999999,99999999,
8190,99999999,99999999,99999999,99999999,
8200,99999999,99999999,99999999,99999999,
8210,99999999,99999999,99999999,99999999,
8220,99999999,99999999,99999999,99999999,
8230,99999999,99999999,99999999,99999999,
8240,99999999,99999999,99999999,99999999,
8250,99999999,99999999,99999999,99999999,
8260,99999999,99999999,99999999,99999999,
8270,99999999,99999999,99999999,99999999,
8280,99999999,99999999,99999999,99999999,
8290,99999999,99999999,99999999,99999999,
8300,99999999,99999999,99999999,99999999,
8310,99999999,99999999,99999999,99999999,
8320,99999999,99999999,99999999,99999999,
8330,99999999,99999999,99999999,99999999,
8340,99999999,99999999,99999999,99999999,
8350,99999999,99999999,99999999,99999999,
8360,99999999,99999999,99999999,99999999,
8370,99999999,99999999,99999999,99999999,
8380,99999999,99999999,99999999,99999999,
8390,99999999,99999999,99999999,99999999,
8400,99999999,99999999,99999999,99999999,
8410,99999999,99999999,99999999,99999999,
8420,99999999,99999999,99999999,99999999,
8430,99999999,99999999,99999999,99999999,
8440,99999999,99999999,99999999,99999999,
8450,99999999,99999999,99999999,99999999,
8460,99999999,99999999,99999999,99999999,
8470,99999999,99999999,99999999,99999999,
8480,99999999,99999999,99999999,99999999,
8490,99999999,99999999,99999999,99999999,
8500,99999999,99999999,99999999,99999999,
8510,99999999,99999999,99999999,99999999,
8520,99999999,99999999,99999999,99999999,
8530,99999999,99999999,99999999,99999999,
8540,99999999,99999999,99999999,99999999,
8550,99999999,99999999,99999999,99999999,
8560,99999999,99999999,99999999,99999999,
8570,99999999,99999999,99999999,99999999,
8580,99999999,99999999,99999999,99999999,
8590,99999999,99999999,99999999,99999999,
8600,99999999,99999999,99999999,99999999,
8610,99999999,99999999,99999999,99999999,
8620,99999999,99999999,99999999,99999999,
8630,99999999,99999999,99999999,99999999,
8640,99999999,99999999,99999999,99999999,
8650,99999999,99999999,99999999,99999999,
8660,99999999,99999999,99999999,99999999,
8670,99999999,99999999,99999999,99999999,
8680,99999999,99999999,99999999,99999999,
8690,99999999,99999999,99999999,99999999,
8700,99999999,99999999,99999999,99999999,
8710,99999999,99999999,99999999,99999999,
8720,99999999,99999999,99999999,99999999,
8730,99999999,99999999,99999999,99999999,
8740,99999999,99999999,99999999,99999999,
8750,99999999,99999999,99999999,99999999,
8760,99999999,99999999,99999999,99999999,
8770,99999999,99999999,99999999,99999999,
8780,99999999,99999999,99999999,99999999,
8790,99999999,99999999,99999999,99999999,
8800,99999999,99999999,99999999,99999999,
8810,99999999,99999999,99999999,99999999,
8820,99999999,99999999,99999999,99999999,
8830,99999999,99999999,99999999,99999999,
8840,99999999,99999999,99999999,99999999,
8850,99999999,99999999,99999999,99999999,
8860,99999999,99999999,99999999,99999999,
8870,99999999,99999999,99999999,99999999,
8880,99999999,99999999,99999999,99999999,
8890,99999999,99999999,99999999,99999999,
8900,99999999,99999999,99999999,99999999,
8910,99999999,99999999,99999999,99999999,
8920,99999999,99999999,99999999,99999999,
8930,99999999,99999999,99999999,99999999,
8940,99999999,99999999,99999999,99999999,
8950,99999999,99999999,99999999,99999999,
8960,99999999,99999999,99999999,99999999,
8970,99999999,99999999,99999999,99999999,
8980,99999999,99999999,99999999,99999999,
8990,99999999,99999999,99999999,99999999,
9000,99999999,99999999,99999999,99999999,
9010,99999999,99999999,99999999,99999999,
9020,99999999,99999999,99999999,99999999,
9030,99999999,99999999,99999999,99999999,
9040,99999999,99999999,99999999,99999999,
9050,99999999,99999999,99999999,99999999,
9060,99999999,99999999,99999999,99999999,
9070,99999999,99999999,99999999,99999999,
9080,99999999,99999999,99999999,99999999,
9090,99999999,99999999,99999999,99999999,
9100,99999999,99999999,99999999,99999999,
9110,99999999,99999999,99999999,99999999,
9120,99999999,99999999,99999999,99999999,
9130,99999999,99999999,99999999,99999999,
9140,99999999,99999999,99999999,99999999,
9150,99999999,99999999,99999999,99999999,
9160,99999999,99999999,99999999,99999999,
9170,99999999,99999999,99999999,99999999,
9180,99999999,99999999,99999999,99999999,
9190,99999999,99999999,99999999,99999999,
9200,99999999,99999999,99999999,99999999,
9210,99999999,99999999,99999999,99999999,
9220,99999999,99999999,99999999,99999999,
9230,99999999,99999999,99999999,99999999,
9240,99999999,99999999,99999999,99999999,
9250,99999999,99999999,99999999,99999999,
9260,99999999,99999999,99999999,99999999,
9270,99999999,99999999,99999999,99999999,
9280,99999999,99999999,99999999,99999999,
9290,99999999,99999999,99999999,99999999,
9300,99999999,99999999,99999999,99999999,
9310,99999999,99999999,99999999,99999999,
9320,99999999,99999999,99999999,99999999,
9330,99999999,99999999,99999999,99999999,
9340,99999999,99999999,99999999,99999999,
9350,99999999,99999999,99999999,99999999,
9360,99999999,99999999,99999999,99999999,
9370,99999999,99999999,99999999,99999999,
9380,99999999,99999999,99999999,99999999,
9390,99999999,99999999,99999999,99999999,
9400,99999999,99999999,99999999,99999999,
9410,99999999,99999999,99999999,99999999,
9420,99999999,99999999,99999999,99999999,
9430,99999999,99999999,99999999,99999999,
9440,99999999,99999999,99999999,99999999,
9450,99999999,99999999,99999999,99999999,
9460,99999999,99999999,99999999,99999999,
9470,99999999,99999999,99999999,99999999,
9480,99999999,99999999,99999999,99999999,
9490,99999999,99999999,99999999,99999999,
9500,99999999,99999999,99999999,99999999,
9510,99999999,99999999,99999999,99999999,
9520,99999999,99999999,99999999,99999999,
9530,99999999,99999999,99999999,99999999,
9540,99999999,99999999,99999999,99999999,
9550,99999999,99999999,99999999,99999999,
9560,99999999,99999999,99999999,99999999,
9570,99999999,99999999,99999999,99999999,
9580,99999999,99999999,99999999,99999999,
9590,99999999,99999999,99999999,99999999,
9600,99999999,99999999,99999999,99999999,
9610,99999999,99999999,99999999,99999999,
9620,99999999,99999999,99999999,99999999,
9630,99999999,99999999,99999999,99999999,
9640,99999999,99999999,99999999,99999999,
9650,99999999,99999999,99999999,99999999,
9660,99999999,99999999,99999999,99999999,
9670,99999999,99999999,99999999,99999999,
9680,99999999,99999999,99999999,99999999,
9690,99999999,99999999,99999999,99999999,
9700,99999999,99999999,99999999,99999999,
9710,99999999,99999999,99999999,99999999,
9720,99999999,99999999,99999999,99999999,
9730,99999999,99999999,99999999,99999999,
9740,99999999,99999999,99999999,99999999,
9750,99999999,99999999,99999999,99999999,
9760,99999999,99999999,99999999,99999999,
9770,99999999,99999999,99999999,99999999,
9780,99999999,99999999,99999999,99999999,
9790,99999999,99999999,99999999,99999999,
9800,99999999,99999999,99999999,99999999,
9810,99999999,99999999,99999999,99999999,
9820,99999999,99999999,99999999,99999999,
9830,99999999,99999999,99999999,99999999,
9840,99999999,99999999,99999999,99999999,
9850,99999999,99999999,99999999,99999999,
9860,99999999,99999999,99999999,99999999,
9870,99999999,99999999,99999999,99999999,
9880,99999999,99999999,99999999,99999999,
9890,99999999,99999999,99999999,99999999,
9900,99999999,99999999,99999999,99999999,
9910,99999999,99999999,99999999,99999999,
9920,99999999,99999999,99999999,99999999,
9930,99999999,99999999,99999999,99999999,
9940,99999999,99999999,99999999,99999999,
9950,99999999,99999999,99999999,99999999,
9960,99999999,99999999,99999999,99999999,
9970,99999999,99999999,99999999,99999999,
9980,99999999,99999999,99999999,99999999,
9990,99999999,99999999,99999999,99999999,
10000,99999999,99999999,99999999,99999999,
10010,99999999,99999999,99999999,99999999,
10020,99999999,99999999,99999999,99999999,
10030,99999999,99999999,99999999,99999999,
10040,99999999,99999999,99999999,99999999,
10050,99999999,99999999,99999999,99999999,
10060,99999999,99999999,99999999,99999999,
10070,99999999,99999999,99999999,99999999,
10080,99999999,99999999,99999999,99999999,
10090,99999999,99999999,99999999,99999999,
10100,99999999,99999999,99999999,99999999,
10110,99999999,99999999,99999999,99999999,
10120,99999999,99999999,99999999,99999999,
10130,99999999,99999999,99999999,99999999,
10140,99999999,99999999,99999999,99999999,
10150,99999999,99999999,99999999,99999999,
10160,99999999,99999999,99999999,99999999,
10170,99999999,99999999,99999999,99999999,
10180,99999999,99999999,99999999,99999999,
10190,99999999,99999999,99999999,99999999,
10200,99999999,99999999,99999999,99999999,
10210,99999999,99999999,99999999,99999999,
10220,99999999,99999999,99999999,99999999,
10230,99999999,99999999,99999999,99999999,
10240,99999999,99999999,99999999,99999999,
10250,99999999,99999999,99999999,99999999,
10260,99999999,99999999,99999999,99999999,
10270,99999999,99999999,99999999,99999999,
10280,99999999,99999999,99999999,99999999,
10290,99999999,99999999,99999999,99999999,
10300,99999999,99999999,99999999,99999999,
10310,99999999,99999999,99999999,99999999,
10320,99999999,99999999,99999999,99999999,
10330,99999999,99999999,99999999,99999999,
10340,99999999,99999999,99999999,99999999,
10350,99999999,99999999,99999999,99999999,
10360,99999999,99999999,99999999,99999999,
10370,99999999,99999999,99999999,99999999,
10380,99999999,99999999,99999999,99999999,
10390,99999999,99999999,99999999,99999999,
10400,99999999,99999999,99999999,99999999,
10410,99999999,99999999,99999999,99999999,
10420,99999999,99999999,99999999,99999999,
10430,99999999,99999999,99999999,99999999,
10440,99999999,99999999,99999999,99999999,
10450,99999999,99999999,99999999,99999999,
10460,99999999,99999999,99999999,99999999,
10470,99999999,99999999,99999999,99999999,
10480,99999999,99999999,99999999,99999999,
10490,99999999,99999999,99999999,99999999,
10500,99999999,99999999,99999999,99999999,
10510,99999999,99999999,99999999,99999999,
10520,99999999,99999999,99999999,99999999,
10530,99999999,99999999,99999999,99999999,
10540,99999999,99999999,99999999,99999999,
10550,99999999,99999999,99999999,99999999,
10560,99999999,99999999,99999999,99999999,
10570,99999999,99999999,99999999,99999999,
10580,99999999,99999999,99999999,99999999,
10590,99999999,99999999,99999999,99999999,
10600,99999999,99999999,99999999,99999999,
10610,99999999,99999999,99999999,99999999,
10620,99999999,99999999,99999999,99999999,
10630,99999999,99999999,99999999,99999999,
10640,99999999,99999999,99999999,99999999,
10650,99999999,99999999,99999999,99999999,
10660,99999999,99999999,99999999,99999999,
10670,99999999,99999999,99999999,99999999,
10680,99999999,99999999,99999999,99999999,
10690,99999999,99999999,99999999,99999999,
10700,99999999,99999999,99999999,99999999,
10710,99999999,99999999,99999999,99999999,
10720,99999999,99999999,99999999,99999999,
10730,99999999,99999999,99999999,99999999,
10740,99999999,99999999,99999999,99999999,
10750,99999999,99999999,99999999,99999999,
10760,99999999,99999999,99999999,99999999,
10770,99999999,99999999,99999999,99999999,
10780,99999999,99999999,99999999,99999999,
10790,99999999,99999999,99999999,99999999,
10800,99999999,99999999,99999999,99999999,
10810,99999999,99999999,99999999,99999999,
10820,99999999,99999999,99999999,99999999,
10830,99999999,99999999,99999999,99999999,
10840,99999999,99999999,99999999,99999999,
10850,99999999,99999999,99999999,99999999,
10860,99999999,99999999,99999999,99999999,
10870,99999999,99999999,99999999,99999999,
10880,99999999,99999999,99999999,99999999,
10890,99999999,99999999,99999999,99999999,
10900,99999999,99999999,99999999,99999999,
10910,99999999,99999999,99999999,99999999,
10920,99999999,99999999,99999999,99999999,
10930,99999999,99999999,99999999,99999999,
10940,99999999,99999999,99999999,99999999,
10950,99999999,99999999,99999999,99999999,
10960,99999999,99999999,99999999,99999999,
10970,99999999,99999999,99999999,99999999,
10980,99999999,99999999,99999999,99999999,
10990,99999999,99999999,99999999,99999999,
11000,99999999,99999999,99999999,99999999,
11010,99999999,99999999,99999999,99999999,
11020,99999999,99999999,99999999,99999999,
11030,99999999,99999999,99999999,99999999,
11040,99999999,99999999,99999999,99999999,
11050,99999999,99999999,99999999,99999999,
11060,99999999,99999999,99999999,99999999,
11070,99999999,99999999,99999999,99999999,
11080,99999999,99999999,99999999,99999999,
11090,99999999,99999999,99999999,99999999,
11100,99999999,99999999,99999999,99999999,
11110,99999999,99999999,99999999,99999999,
11120,99999999,99999999,99999999,99999999,
11130,99999999,99999999,99999999,99999999,
11140,99999999,99999999,99999999,99999999,
11150,99999999,99999999,99999999,99999999,
11160,99999999,99999999,99999999,99999999,
11170,99999999,99999999,99999999,99999999,
11180,99999999,99999999,99999999,99999999,
11190,99999999,99999999,99999999,99999999,
11200,99999999,99999999,99999999,99999999,
11210,99999999,99999999,99999999,99999999,
11220,99999999,99999999,99999999,99999999,
11230,99999999,99999999,99999999,99999999,
11240,99999999,99999999,99999999,99999999,
11250,99999999,99999999,99999999,99999999,
11260,99999999,99999999,99999999,99999999,
11270,99999999,99999999,99999999,99999999,
11280,99999999,99999999,99999999,99999999,
11290,99999999,99999999,99999999,99999999,
11300,99999999,99999999,99999999,99999999,
11310,99999999,99999999,99999999,99999999,
11320,99999999,99999999,99999999,99999999,
11330,99999999,99999999,99999999,99999999,
11340,99999999,99999999,99999999,99999999,
11350,99999999,99999999,99999999,99999999,
11360,99999999,99999999,99999999,99999999,
11370,99999999,99999999,99999999,99999999,
11380,99999999,99999999,99999999,99999999,
11390,99999999,99999999,99999999,99999999,
11400,99999999,99999999,99999999,99999999,
11410,99999999,99999999,99999999,99999999,
11420,99999999,99999999,99999999,99999999,
11430,99999999,99999999,99999999,99999999,
11440,99999999,99999999,99999999,99999999,
11450,99999999,99999999,99999999,99999999,
11460,99999999,99999999,99999999,99999999,
11470,99999999,99999999,99999999,99999999,
11480,99999999,99999999,99999999,99999999,
11490,99999999,99999999,99999999,99999999,
11500,99999999,99999999,99999999,99999999,
11510,99999999,99999999,99999999,99999999,
11520,99999999,99999999,99999999,99999999,
11530,99999999,99999999,99999999,99999999,
11540,99999999,99999999,99999999,99999999,
11550,99999999,99999999,99999999,99999999,
11560,99999999,99999999,99999999,99999999,
11570,99999999,99999999,99999999,99999999,
11580,99999999,99999999,99999999,99999999,
11590,99999999,99999999,99999999,99999999,
11600,99999999,99999999,99999999,99999999,
11610,99999999,99999999,99999999,99999999,
11620,99999999,99999999,99999999,99999999,
11630,99999999,99999999,99999999,99999999,
11640,99999999,99999999,99999999,99999999,
11650,99999999,99999999,99999999,99999999,
11660,99999999,99999999,99999999,99999999,
11670,99999999,99999999,99999999,99999999,
11680,99999999,99999999,99999999,99999999,
11690,99999999,99999999,99999999,99999999,
11700,99999999,99999999,99999999,99999999,
11710,99999999,99999999,99999999,99999999,
11720,99999999,99999999,99999999,99999999,
11730,99999999,99999999,99999999,99999999,
11740,99999999,99999999,99999999,99999999,
11750,99999999,99999999,99999999,99999999,
11760,99999999,99999999,99999999,99999999,
11770,99999999,99999999,99999999,99999999,
11780,99999999,99999999,99999999,99999999,
11790,99999999,99999999,99999999,99999999,
11800,99999999,99999999,99999999,99999999,
11810,99999999,99999999,99999999,99999999,
11820,99999999,99999999,99999999,99999999,
11830,99999999,99999999,99999999,99999999,
11840,99999999,99999999,99999999,99999999,
11850,99999999,99999999,99999999,99999999,
11860,99999999,99999999,99999999,99999999,
11870,99999999,99999999,99999999,99999999,
11880,99999999,99999999,99999999,99999999,
11890,99999999,99999999,99999999,99999999,
11900,99999999,99999999,99999999,99999999,
11910,99999999,99999999,99999999,99999999,
11920,99999999,99999999,99999999,99999999,
11930,99999999,99999999,99999999,99999999,
11940,99999999,99999999,99999999,99999999,
11950,99999999,99999999,99999999,99999999,
11960,99999999,99999999,99999999,99999999,
11970,99999999,99999999,99999999,99999999,
11980,99999999,99999999,99999999,99999999,
11990,99999999,99999999,99999999,99999999,
12000,99999999,99999999,99999999,99999999,
12010,99999999,99999999,99999999,99999999,
12020,99999999,99999999,99999999,99999999,
12030,99999999,99999999,99999999,99999999,
12040,99999999,99999999,99999999,99999999,
12050,99999999,99999999,99999999,99999999,
12060,99999999,99999999,99999999,99999999,
12070,99999999,99999999,99999999,99999999,
12080,99999999,99999999,99999999,99999999,
12090,99999999,99999999,99999999,99999999,
12100,99999999,99999999,99999999,99999999,
12110,99999999,99999999,99999999,99999999,
12120,99999999,99999999,99999999,99999999,
12130,99999999,99999999,99999999,99999999,
12140,99999999,99999999,99999999,99999999,
12150,99999999,99999999,99999999,99999999,
12160,99999999,99999999,99999999,99999999,
12170,99999999,99999999,99999999,99999999,
12180,99999999,99999999,99999999,99999999,
12190,99999999,99999999,99999999,99999999,
12200,99999999,99999999,99999999,99999999,
12210,99999999,99999999,99999999,99999999,
12220,99999999,99999999,99999999,99999999,
12230,99999999,99999999,99999999,99999999,
12240,99999999,99999999,99999999,99999999,
12250,99999999,99999999,99999999,99999999,
12260,99999999,99999999,99999999,99999999,
12270,99999999,99999999,99999999,99999999,
12280,99999999,99999999,99999999,99999999,
12290,99999999,99999999,99999999,99999999,
12300,99999999,99999999,99999999,99999999,
12310,99999999,99999999,99999999,99999999,
12320,99999999,99999999,99999999,99999999,
12330,99999999,99999999,99999999,99999999,
12340,99999999,99999999,99999999,99999999,
12350,99999999,99999999,99999999,99999999,
12360,99999999,99999999,99999999,99999999,
12370,99999999,99999999,99999999,99999999,
12380,99999999,99999999,99999999,99999999,
12390,99999999,99999999,99999999,99999999,
12400,99999999,99999999,99999999,99999999,
12410,99999999,99999999,99999999,99999999,
12420,99999999,99999999,99999999,99999999,
12430,99999999,99999999,99999999,99999999,
12440,99999999,99999999,99999999,99999999,
12450,99999999,99999999,99999999,99999999,
12460,99999999,99999999,99999999,99999999,
12470,99999999,99999999,99999999,99999999,
12480,99999999,99999999,99999999,99999999,
12490,99999999,99999999,99999999,99999999,
12500,99999999,99999999,99999999,99999999,
12510,99999999,99999999,99999999,99999999,
12520,99999999,99999999,99999999,99999999,
12530,99999999,99999999,99999999,99999999,
12540,99999999,99999999,99999999,99999999,
12550,99999999,99999999,99999999,99999999,
12560,99999999,99999999,99999999,99999999,
12570,99999999,99999999,99999999,99999999,
12580,99999999,99999999,99999999,99999999,
12590,99999999,99999999,99999999,99999999,
12600,99999999,99999999,99999999,99999999,
12610,99999999,99999999,99999999,99999999,
12620,99999999,99999999,99999999,99999999,
12630,99999999,99999999,99999999,99999999,
12640,99999999,99999999,99999999,99999999,
12650,99999999,99999999,99999999,99999999,
12660,99999999,99999999,99999999,99999999,
12670,99999999,99999999,99999999,99999999,
12680,99999999,99999999,99999999,99999999,
12690,99999999,99999999,99999999,99999999,
12700,99999999,99999999,99999999,99999999,
12710,99999999,99999999,99999999,99999999,
12720,99999999,99999999,99999999,99999999,
12730,99999999,99999999,99999999,99999999,
12740,99999999,99999999,99999999,99999999,
12750,99999999,99999999,99999999,99999999,
12760,99999999,99999999,99999999,99999999,
12770,99999999,99999999,99999999,99999999,
12780,99999999,99999999,99999999,99999999,
12790,99999999,99999999,99999999,99999999,
12800,99999999,99999999,99999999,99999999,
12810,99999999,99999999,99999999,99999999,
12820,99999999,99999999,99999999,99999999,
12830,99999999,99999999,99999999,99999999,
12840,99999999,99999999,99999999,99999999,
12850,99999999,99999999,99999999,99999999,
12860,99999999,99999999,99999999,99999999,
12870,99999999,99999999,99999999,99999999,
12880,99999999,99999999,99999999,99999999,
12890,99999999,99999999,99999999,99999999,
12900,99999999,99999999,99999999,99999999,
12910,0.190720759355633,0.00824771718376291,2932414.67572268,-6640.58145615339,
12920,0.1962234742641,0.0192322207810591,2866056.58722735,-6630.80672408849,
12930,0.201989353334046,0.0304771541998244,2799803.31325049,-6619.59985994108,
12940,0.208038732858307,0.0420002394277236,2733669.75737023,-6606.84220666507,
12950,0.214394050960111,0.0538207217414821,2667672.0788831,-6592.40097066892,
12960,0.221080120705447,0.065959518997889,2601827.84384642,-6576.12723806933,
12970,0.228124445850438,0.0784393852863126,2536156.19748934,-6557.85367641081,
12980,0.235557586956344,0.0912850896523695,2470678.06140095,-6537.39186776779,
12990,0.243413587187104,0.104523610291209,2405416.35949052,-6514.52920978439,
13000,0.251730469040902,0.118184344103144,2340396.2774022,-6489.02531041415,
13010,0.260550815641312,0.132299330718508,2275645.56086883,-6460.60778979356,
13020,0.269922453127224,0.146903488912842,2211194.85942373,-6428.9673888209,
13030,0.279899254258369,0.162034861580251,2147078.12296827,-6393.75226881621,
13040,0.29054208774372,0.177734862877845,2083333.05992929,-6354.56137063122,
13050,0.301919943178554,0.194048517472362,2020001.66713604,-6310.93668578714,
13060,0.314111268040522,0.211024676559713,1957130.84309263,-6262.35427846238,
13070,0.32720556115679,0.228716187867071,1894773.09798258,-6208.2138884701,
13080,0.341305276611219,0.247179986332536,1832987.37544535,-6147.82694667505,
13090,0.35652810334443,0.266477057433797,1771840.00277418,-6080.40285335052,
13100,0.373009698671214,0.286672204659492,1711405.78746659,-6005.0334187002,
13110,0.390906968193138,0.307833524362362,1651769.27863454,-5920.67546112493,
13120,0.41040199898978,0.330031452632996,1593026.2110487,-5826.13172917785,
13130,0.431706765039325,0.353337196782477,1535285.14663417,-5720.03059519522,
13140,0.4550687285769,0.377820295077749,1478669.3216889,-5600.80541422804,
13150,0.480777449161527,0.403544959351127,1423318.69599925,-5466.67511919872,
13160,0.509172266520285,0.430564744463946,1369392.17965828,-5315.62861482481,
13170,0.540651013648585,0.458914959273702,1317069.98116925,-5145.41692625914,
13180,0.575679491570208,0.488602098463668,1266555.97195345,-4953.55891966979,
13190,0.614801011332563,0.519589465238242,1218079.89295695,-4737.36873059351,
13200,0.658644548329006,0.551778137777329,1171899.13482195,-4494.01562461572,
13210,0.707928765484459,0.584982630577194,1128299.70360096,-4220.62935365561,
13220,0.763457107883505,0.61890122248162,1087595.84647766,-3914.46510593387,
13230,0.826096170129161,0.653082276620025,1050127.6776506,-3573.14011711045,
13240,0.89672576318159,0.686890350191962,1016256.05574209,-3194.94649910155,
13250,0.976145768149897,0.719479788250251,986353.988417309,-2779.22937942523,
13260,1.06492533112793,0.749788601514594,960794.063957586,-2326.79504016356,
13270,1.1631906997734,0.776570173645299,939931.912306869,-1840.28337915055,
13280,1.27037688159696,0.798480806228668,924086.498382433,-1324.41202802154,
13290,1.38501580250058,0.814231200724263,913519.040759811,-785.991325504491,
13300,1.50467714714139,0.82278542527311,908413.257881542,-233.635841909211,
13310,1.62616757815237,0.823557823334034,908860.08716224,322.835965441961,
13320,1.74599195821551,0.816538282173355,914849.668762725,873.233590734118,
13330,1.86093055932808,0.802293230638075,926272.174794344,1407.90156772536,
13340,1.96851015909323,0.781841930880139,942927.319134601,1918.51934752651,
13350,2.06721673767542,0.756460214179145,964540.694348847,2398.64857095115,
13360,2.15644660618235,0.727481453308597,990784.012509651,2843.96356592547,
13370,2.23629895764826,0.696144797402709,1021296.13137602,3252.18784784382,
13380,2.30732719521321,0.663507402134107,1055702.30373955,3622.81876223947,
13390,2.37032417317485,0.630412558240771,1093630.03876032,3956.74185151709,
13400,2.42616842307582,0.597495607978471,1134720.93623622,4255.82370712791,
13410,2.47572857058943,0.565210043326112,1178638.60546994,4522.54344329493,
13420,2.51981171102508,0.53386099840474,1225073.22925695,4759.69312136754,
13430,2.55914072875013,0.50363849524715,1273743.51501026,4970.15456902842,
13440,2.59434880316164,0.474646701011614,1324396.77276038,5156.74613871031,
13450,2.62598313711331,0.446927909926236,1376807.75826684,5322.12661666206,
13460,2.65451299033646,0.420481295458275,1430776.78190645,5468.74218156626,
13470,2.68033919630144,0.395277082449394,1486127.44845299,5598.80369418568,
13480,2.70380366026933,0.37126697752077,1542704.27751943,5714.28404845931,
13490,2.72519811693263,0.348391674880998,1600370.3647383,5816.92788569764,
13500,2.74477186425491,0.326586144885581,1659005.17837053,5908.26822046295,
13510,2.7627384224539,0.305783278884281,1718502.54080785,5989.6463038981,
13520,2.77928118075505,0.28591633676972,1778768.81463314,6062.23236700948,
13530,2.79455814246,0.266920535260754,1839721.29426158,6127.04581591533,
13540,2.80870589194753,0.248734027923839,1901286.79327141,6184.974081466,
13550,2.8218429030011,0.231298460603152,1963400.41176856,6236.78973751052,
13560,2.8340722959982,0.21455923511318,2026004.46567025,6283.16576066532,
13570,2.84548413713126,0.19846557635272,2089047.55936383,6324.68895897747,
13580,2.85615735853648,0.182970470387414,2152483.7839463,6361.87168284527,
13590,2.8661613651609,0.168030521012768,2216272.02462269,6395.16197367254,
13600,2.87555738283166,0.153605757881551,2280375.36248872,6424.95232072992,
13610,2.88439959235445,0.139659418955288,2344760.55763208,6451.58719564785,
13620,2.89273608643547,0.126157722695433,2409397.60213697,6475.36952401968,
13630,2.90060967959481,0.113069640216456,2474259.33310147,6496.56623925615,
13640,2.90805859580969,0.100366673974653,2539321.09714972,6515.41304786763,
13650,2.91511705419253,0.0880226470233198,2604560.45913223,6532.11851938973,
13660,2.92181576939659,0.0760135051096221,2669956.94876363,6546.86759912129,
13670,2.92818238049979,0.0643171326926195,2735491.83985918,6559.82462816023,
13680,2.93424181971997,0.0529131831615581,2801147.95761422,6571.13594307033,
13690,2.94001663035997,0.0417829230114617,2866909.51003949,6580.93211688869,
13700,2.94552724178288,0.0309090894053998,2932761.9402357,6589.32989399715,
13710,2.95079220791069,0.0202757603598886,2998691.79667499,6596.43386349769,
13720,2.95582841466604,0.00986823668932335,3064686.61906915,6602.33790900005,
13730,99999999,99999999,99999999,99999999,
13740,99999999,99999999,99999999,99999999,
13750,99999999,99999999,99999999,99999999,
13760,99999999,99999999,99999999,99999999,
13770,99999999,99999999,99999999,99999999,
13780,99999999,99999999,99999999,99999999,
13790,99999999,99999999,99999999,99999999,
13800,99999999,99999999,99999999,99999999,
13810,99999999,99999999,99999999,99999999,
13820,99999999,99999999,99999999,99999999,
13830,99999999,99999999,99999999,99999999,
13840,99999999,99999999,99999999,99999999,
13850,99999999,99999999,99999999,99999999,
13860,99999999,99999999,99999999,99999999,
13870,99999999,99999999,99999999,99999999,
13880,99999999,99999999,99999999,99999999,
13890,99999999,99999999,99999999,99999999,
13900,99999999,99999999,99999999,99999999,
13910,99999999,99999999,99999999,99999999,
13920,99999999,99999999,99999999,99999999,
13930,99999999,99999999,99999999,99999999,
13940,99999999,99999999,99999999,99999999,
13950,99999999,99999999,99999999,99999999,
13960,99999999,99999999,99999999,99999999,
13970,99999999,99999999,99999999,99999999,
13980,99999999,99999999,99999999,99999999,
13990,99999999,99999999,99999999,99999999,
14000,99999999,99999999,99999999,99999999,
14010,99999999,99999999,99999999,99999999,
14020,99999999,99999999,99999999,99999999,
14030,99999999,99999999,99999999,99999999,
14040,99999999,99999999,99999999,99999999,
14050,99999999,99999999,99999999,99999999,
14060,99999999,99999999,99999999,99999999,
14070,99999999,99999999,99999999,99999999,
14080,99999999,99999999,99999999,99999999,
14090,99999999,99999999,99999999,99999999,
14100,99999999,99999999,99999999,99999999,
14110,99999999,99999999,99999999,99999999,
14120,99999999,99999999,99999999,99999999,
14130,99999999,99999999,99999999,99999999,
14140,99999999,99999999,99999999,99999999,
14150,99999999,99999999,99999999,99999999,
14160,99999999,99999999,99999999,99999999,
14170,99999999,99999999,99999999,99999999,
14180,99999999,99999999,99999999,99999999,
14190,99999999,99999999,99999999,99999999,
14200,99999999,99999999,99999999,99999999,
14210,99999999,99999999,99999999,99999999,
14220,99999999,99999999,99999999,99999999,
14230,99999999,99999999,99999999,99999999,
14240,99999999,99999999,99999999,99999999,
14250,99999999,99999999,99999999,99999999,
14260,99999999,99999999,99999999,99999999,
14270,99999999,99999999,99999999,99999999,
14280,99999999,99999999,99999999,99999999,
14290,99999999,99999999,99999999,99999999,
14300,99999999,99999999,99999999,99999999,
14310,99999999,99999999,99999999,99999999,
14320,99999999,99999999,99999999,99999999,
14330,99999999,99999999,99999999,99999999,
14340,99999999,99999999,99999999,99999999,
14350,99999999,99999999,99999999,99999999,
14360,99999999,99999999,99999999,99999999,
14370,99999999,99999999,99999999,99999999,
14380,99999999,99999999,99999999,99999999,
14390,99999999,99999999,99999999,99999999,
14400,99999999,99999999,99999999,99999999,
14410,99999999,99999999,99999999,99999999,
14420,99999999,99999999,99999999,99999999,
14430,99999999,99999999,99999999,99999999,
14440,99999999,99999999,99999999,99999999,
14450,99999999,99999999,99999999,99999999,
14460,99999999,99999999,99999999,99999999,
14470,99999999,99999999,99999999,99999999,
14480,99999999,99999999,99999999,99999999,
14490,99999999,99999999,99999999,99999999,
14500,99999999,99999999,99999999,99999999,
14510,99999999,99999999,99999999,99999999,
14520,99999999,99999999,99999999,99999999,
14530,99999999,99999999,99999999,99999999,
14540,99999999,99999999,99999999,99999999,
14550,99999999,99999999,99999999,99999999,
14560,99999999,99999999,99999999,99999999,
14570,99999999,99999999,99999999,99999999,
14580,99999999,99999999,99999999,99999999,
14590,99999999,99999999,99999999,99999999,
14600,99999999,99999999,99999999,99999999,
14610,99999999,99999999,99999999,99999999,
14620,99999999,99999999,99999999,99999999,
14630,99999999,99999999,99999999,99999999,
14640,99999999,99999999,99999999,99999999,
14650,99999999,99999999,99999999,99999999,
14660,99999999,99999999,99999999,99999999,
14670,99999999,99999999,99999999,99999999,
14680,99999999,99999999,99999999,99999999,
14690,99999999,99999999,99999999,99999999,
14700,99999999,99999999,99999999,99999999,
14710,99999999,99999999,99999999,99999999,
14720,99999999,99999999,99999999,99999999,
14730,99999999,99999999,99999999,99999999,
14740,99999999,99999999,99999999,99999999,
14750,99999999,99999999,99999999,99999999,
14760,99999999,99999999,99999999,99999999,
14770,99999999,99999999,99999999,99999999,
14780,99999999,99999999,99999999,99999999,
14790,99999999,99999999,99999999,99999999,
14800,99999999,99999999,99999999,99999999,
14810,99999999,99999999,99999999,99999999,
14820,99999999,99999999,99999999,99999999,
14830,99999999,99999999,99999999,99999999,
14840,99999999,99999999,99999999,99999999,
14850,99999999,99999999,99999999,99999999,
14860,99999999,99999999,99999999,99999999,
14870,99999999,99999999,99999999,99999999,
14880,99999999,99999999,99999999,99999999,
14890,99999999,99999999,99999999,99999999,
14900,99999999,99999999,99999999,99999999,
14910,99999999,99999999,99999999,99999999,
14920,99999999,99999999,99999999,99999999,
14930,99999999,99999999,99999999,99999999,
14940,99999999,99999999,99999999,99999999,
14950,99999999,99999999,99999999,99999999,
14960,99999999,99999999,99999999,99999999,
14970,99999999,99999999,99999999,99999999,
14980,99999999,99999999,99999999,99999999,
14990,99999999,99999999,99999999,99999999,
15000,99999999,99999999,99999999,99999999,
15010,99999999,99999999,99999999,99999999,
15020,99999999,99999999,99999999,99999999,
15030,99999999,99999999,99999999,99999999,
15040,99999999,99999999,99999999,99999999,
15050,99999999,99999999,99999999,99999999,
15060,99999999,99999999,99999999,99999999,
15070,99999999,99999999,99999999,99999999,
15080,99999999,99999999,99999999,99999999,
15090,99999999,99999999,99999999,99999999,
15100,99999999,99999999,99999999,99999999,
15110,99999999,99999999,99999999,99999999,
15120,99999999,99999999,99999999,99999999,
15130,99999999,99999999,99999999,99999999,
15140,99999999,99999999,99999999,99999999,
15150,99999999,99999999,99999999,99999999,
15160,99999999,99999999,99999999,99999999,
15170,99999999,99999999,99999999,99999999,
15180,99999999,99999999,99999999,99999999,
15190,99999999,99999999,99999999,99999999,
15200,99999999,99999999,99999999,99999999,
15210,99999999,99999999,99999999,99999999,
15220,99999999,99999999,99999999,99999999,
15230,99999999,99999999,99999999,99999999,
15240,99999999,99999999,99999999,99999999,
15250,99999999,99999999,99999999,99999999,
15260,99999999,99999999,99999999,99999999,
15270,99999999,99999999,99999999,99999999,
15280,99999999,99999999,99999999,99999999,
15290,99999999,99999999,99999999,99999999,
15300,99999999,99999999,99999999,99999999,
15310,99999999,99999999,99999999,99999999,
15320,99999999,99999999,99999999,99999999,
15330,99999999,99999999,99999999,99999999,
15340,99999999,99999999,99999999,99999999,
15350,99999999,99999999,99999999,99999999,
15360,99999999,99999999,99999999,99999999,
15370,99999999,99999999,99999999,99999999,
15380,99999999,99999999,99999999,99999999,
15390,99999999,99999999,99999999,99999999,
15400,99999999,99999999,99999999,99999999,
15410,99999999,99999999,99999999,99999999,
15420,99999999,99999999,99999999,99999999,
15430,99999999,99999999,99999999,99999999,
15440,99999999,99999999,99999999,99999999,
15450,99999999,99999999,99999999,99999999,
15460,99999999,99999999,99999999,99999999,
15470,99999999,99999999,99999999,99999999,
15480,99999999,99999999,99999999,99999999,
15490,99999999,99999999,99999999,99999999,
15500,99999999,99999999,99999999,99999999,
15510,99999999,99999999,99999999,99999999,
15520,99999999,99999999,99999999,99999999,
15530,99999999,99999999,99999999,99999999,
15540,99999999,99999999,99999999,99999999,
15550,99999999,99999999,99999999,99999999,
15560,99999999,99999999,99999999,99999999,
15570,99999999,99999999,99999999,99999999,
15580,99999999,99999999,99999999,99999999,
15590,99999999,99999999,99999999,99999999,
15600,99999999,99999999,99999999,99999999,
15610,99999999,99999999,99999999,99999999,
15620,99999999,99999999,99999999,99999999,
15630,99999999,99999999,99999999,99999999,
15640,99999999,99999999,99999999,99999999,
15650,99999999,99999999,99999999,99999999,
15660,99999999,99999999,99999999,99999999,
15670,99999999,99999999,99999999,99999999,
15680,99999999,99999999,99999999,99999999,
15690,99999999,99999999,99999999,99999999,
15700,99999999,99999999,99999999,99999999,
15710,99999999,99999999,99999999,99999999,
15720,99999999,99999999,99999999,99999999,
15730,99999999,99999999,99999999,99999999,
15740,99999999,99999999,99999999,99999999,
15750,99999999,99999999,99999999,99999999,
15760,99999999,99999999,99999999,99999999,
15770,99999999,99999999,99999999,99999999,
15780,99999999,99999999,99999999,99999999,
15790,99999999,99999999,99999999,99999999,
15800,99999999,99999999,99999999,99999999,
15810,99999999,99999999,99999999,99999999,
15820,99999999,99999999,99999999,99999999,
15830,99999999,99999999,99999999,99999999,
15840,99999999,99999999,99999999,99999999,
15850,99999999,99999999,99999999,99999999,
15860,99999999,99999999,99999999,99999999,
15870,99999999,99999999,99999999,99999999,
15880,99999999,99999999,99999999,99999999,
15890,99999999,99999999,99999999,99999999,
15900,99999999,99999999,99999999,99999999,
15910,99999999,99999999,99999999,99999999,
15920,99999999,99999999,99999999,99999999,
15930,99999999,99999999,99999999,99999999,
15940,99999999,99999999,99999999,99999999,
15950,99999999,99999999,99999999,99999999,
15960,99999999,99999999,99999999,99999999,
15970,99999999,99999999,99999999,99999999,
15980,99999999,99999999,99999999,99999999,
15990,99999999,99999999,99999999,99999999,
16000,99999999,99999999,99999999,99999999,
16010,99999999,99999999,99999999,99999999,
16020,99999999,99999999,99999999,99999999,
16030,99999999,99999999,99999999,99999999,
16040,99999999,99999999,99999999,99999999,
16050,99999999,99999999,99999999,99999999,
16060,99999999,99999999,99999999,99999999,
16070,99999999,99999999,99999999,99999999,
16080,99999999,99999999,99999999,99999999,
16090,99999999,99999999,99999999,99999999,
16100,99999999,99999999,99999999,99999999,
16110,99999999,99999999,99999999,99999999,
16120,99999999,99999999,99999999,99999999,
16130,99999999,99999999,99999999,99999999,
16140,99999999,99999999,99999999,99999999,
16150,99999999,99999999,99999999,99999999,
16160,99999999,99999999,99999999,99999999,
16170,99999999,99999999,99999999,99999999,
16180,99999999,99999999,99999999,99999999,
16190,99999999,99999999,99999999,99999999,
16200,99999999,99999999,99999999,99999999,
16210,99999999,99999999,99999999,99999999,
16220,99999999,99999999,99999999,99999999,
16230,99999999,99999999,99999999,99999999,
16240,99999999,99999999,99999999,99999999,
16250,99999999,99999999,99999999,99999999,
16260,99999999,99999999,99999999,99999999,
16270,99999999,99999999,99999999,99999999,
16280,99999999,99999999,99999999,99999999,
16290,99999999,99999999,99999999,99999999,
16300,99999999,99999999,99999999,99999999,
16310,99999999,99999999,99999999,99999999,
16320,99999999,99999999,99999999,99999999,
16330,99999999,99999999,99999999,99999999,
16340,99999999,99999999,99999999,99999999,
16350,99999999,99999999,99999999,99999999,
16360,99999999,99999999,99999999,99999999,
16370,99999999,99999999,99999999,99999999,
16380,99999999,99999999,99999999,99999999,
16390,99999999,99999999,99999999,99999999,
16400,99999999,99999999,99999999,99999999,
16410,99999999,99999999,99999999,99999999,
16420,99999999,99999999,99999999,99999999,
16430,99999999,99999999,99999999,99999999,
16440,99999999,99999999,99999999,99999999,
16450,99999999,99999999,99999999,99999999,
16460,99999999,99999999,99999999,99999999,
16470,99999999,99999999,99999999,99999999,
16480,99999999,99999999,99999999,99999999,
16490,99999999,99999999,99999999,99999999,
16500,99999999,99999999,99999999,99999999,
16510,99999999,99999999,99999999,99999999,
16520,99999999,99999999,99999999,99999999,
16530,99999999,99999999,99999999,99999999,
16540,99999999,99999999,99999999,99999999,
16550,99999999,99999999,99999999,99999999,
16560,99999999,99999999,99999999,99999999,
16570,99999999,99999999,99999999,99999999,
16580,99999999,99999999,99999999,99999999,
16590,99999999,99999999,99999999,99999999,
16600,99999999,99999999,99999999,99999999,
16610,99999999,99999999,99999999,99999999,
16620,99999999,99999999,99999999,99999999,
16630,99999999,99999999,99999999,99999999,
16640,99999999,99999999,99999999,99999999,
16650,99999999,99999999,99999999,99999999,
16660,99999999,99999999,99999999,99999999,
16670,99999999,99999999,99999999,99999999,
16680,99999999,99999999,99999999,99999999,
16690,99999999,99999999,99999999,99999999,
16700,99999999,99999999,99999999,99999999,
16710,99999999,99999999,99999999,99999999,
16720,99999999,99999999,99999999,99999999,
16730,99999999,99999999,99999999,99999999,
16740,99999999,99999999,99999999,99999999,
16750,99999999,99999999,99999999,99999999,
16760,99999999,99999999,99999999,99999999,
16770,99999999,99999999,99999999,99999999,
16780,99999999,99999999,99999999,99999999,
16790,99999999,99999999,99999999,99999999,
16800,99999999,99999999,99999999,99999999,
16810,99999999,99999999,99999999,99999999,
16820,99999999,99999999,99999999,99999999,
16830,99999999,99999999,99999999,99999999,
16840,99999999,99999999,99999999,99999999,
16850,99999999,99999999,99999999,99999999,
16860,99999999,99999999,99999999,99999999,
16870,99999999,99999999,99999999,99999999,
16880,99999999,99999999,99999999,99999999,
16890,99999999,99999999,99999999,99999999,
16900,99999999,99999999,99999999,99999999,
16910,99999999,99999999,99999999,99999999,
16920,99999999,99999999,99999999,99999999,
16930,99999999,99999999,99999999,99999999,
16940,99999999,99999999,99999999,99999999,
16950,99999999,99999999,99999999,99999999,
16960,99999999,99999999,99999999,99999999,
16970,99999999,99999999,99999999,99999999,
16980,99999999,99999999,99999999,99999999,
16990,99999999,99999999,99999999,99999999,
17000,99999999,99999999,99999999,99999999,
17010,99999999,99999999,99999999,99999999,
17020,99999999,99999999,99999999,99999999,
17030,99999999,99999999,99999999,99999999,
17040,99999999,99999999,99999999,99999999,
17050,99999999,99999999,99999999,99999999,
17060,99999999,99999999,99999999,99999999,
17070,99999999,99999999,99999999,99999999,
17080,99999999,99999999,99999999,99999999,
17090,99999999,99999999,99999999,99999999,
17100,99999999,99999999,99999999,99999999,
17110,99999999,99999999,99999999,99999999,
17120,99999999,99999999,99999999,99999999,
17130,99999999,99999999,99999999,99999999,
17140,99999999,99999999,99999999,99999999,
17150,99999999,99999999,99999999,99999999,
17160,99999999,99999999,99999999,99999999,
17170,99999999,99999999,99999999,99999999,
17180,99999999,99999999,99999999,99999999,
17190,99999999,99999999,99999999,99999999,
17200,99999999,99999999,99999999,99999999,
17210,99999999,99999999,99999999,99999999,
17220,99999999,99999999,99999999,99999999,
17230,99999999,99999999,99999999,99999999,
17240,99999999,99999999,99999999,99999999,
17250,99999999,99999999,99999999,99999999,
17260,99999999,99999999,99999999,99999999,
17270,99999999,99999999,99999999,99999999,
